Country,Code,Year,Coal,Crude_oil,Natural_gas
Afghanistan,AFG,2000,0.550525141,,2.492378453
Afghanistan,AFG,2001,0.177127288,,0.541821403
Afghanistan,AFG,2002,0.143064334,,0.541821403
Afghanistan,AFG,2003,0.238440556,,0.216728561
Afghanistan,AFG,2004,0.231627978,,0.216728561
Afghanistan,AFG,2005,0.224815338,,0.216728561
Afghanistan,AFG,2006,0.238440556,,0.216728561
Afghanistan,AFG,2007,1.655458614,,0.433457122
Afghanistan,AFG,2008,2.363967643,,0.541821403
Afghanistan,AFG,2009,3.406293452,,0.325092842
Afghanistan,AFG,2010,4.939125529,,1.517099928
Afghanistan,AFG,2011,4.939125529,,
Afghanistan,AFG,2012,5.109413767,,
Afghanistan,AFG,2013,5.142743297,,
Afghanistan,AFG,2014,5.176290241,,
Albania,ALB,2000,0.078128739,3.337061352,0.324161344
Albania,ALB,2001,0.054690122,3.533944493,0.324161344
Albania,ALB,2002,0.200530423,3.727502423,0.324161344
Albania,ALB,2003,0.210947599,3.963215066,0.324161344
Albania,ALB,2004,0.210947599,3.949477936,0.324161344
Albania,ALB,2005,0.166674654,4.118138055,0.324161344
Albania,ALB,2006,0.166674654,4.606991218,0.324161344
Albania,ALB,2007,0.166674654,3.832983536,0.108053781
Albania,ALB,2008,0.221364775,3.5588482,0.324161344
Albania,ALB,2009,0.036460081,3.178459406,0.324161344
Albania,ALB,2010,0.036460081,6.41050541,0.108053781
Albania,ALB,2011,0.023438617,9.164558248,0.108053781
Albania,ALB,2012,0.052085474,9.943382769,0.183692958
Albania,ALB,2013,0.050131177,10.04488424,0.205303714
Albania,ALB,2014,0.048016795,12.1075939,0.181445368
Algeria,DZA,2000,,844.877884,970.9468519
Algeria,DZA,2001,,892.5553705,920.5565299
Algeria,DZA,2002,,953.7300531,924.4057906
Algeria,DZA,2003,,1051.829652,941.3192089
Algeria,DZA,2004,,1087.488417,934.9037744
Algeria,DZA,2005,,1153.670172,1040.87509
Algeria,DZA,2006,,1159.987695,1017.13798
Algeria,DZA,2007,,1160.018117,989.4582982
Algeria,DZA,2008,,1152.303068,1009.031206
Algeria,DZA,2009,,1125.981766,949.7875824
Algeria,DZA,2010,,1108.972675,986.927116
Algeria,DZA,2011,,1098.3603,965.4295799
Algeria,DZA,2012,,1105.578584,1008.436318
Algeria,DZA,2013,,1039.273437,929.0482323
Algeria,DZA,2014,,1014.640452,949.5670896
Angola,AGO,2000,,439.8906774,6.176763992
Angola,AGO,2001,,437.4091563,5.74330687
Angola,AGO,2002,,528.344765,6.718585395
Angola,AGO,2003,,531.9775637,7.043678237
Angola,AGO,2004,,621.6582119,8.127321043
Angola,AGO,2005,,736.5157059,6.862036105
Angola,AGO,2006,,837.1493629,7.178745463
Angola,AGO,2007,,1030.287816,8.762292257
Angola,AGO,2008,,1166.967265,7.178745463
Angola,AGO,2009,,1124.928759,7.28431525
Angola,AGO,2010,,1124.979073,7.748822309
Angola,AGO,2011,,1034.830419,7.938847924
Angola,AGO,2012,,1053.362421,8.023303753
Angola,AGO,2013,,1086.147791,9.765206721
Angola,AGO,2014,,1035.419995,9.722282719
Argentina,ARG,2000,1.694825389,490.3774306,404.6163882
Argentina,ARG,2001,1.218507048,516.5118901,401.6961416
Argentina,ARG,2002,0.631409383,510.3310777,390.5559416
Argentina,ARG,2003,0.581673064,510.4310876,443.8774812
Argentina,ARG,2004,0.33331828,486.4489711,485.4098771
Argentina,ARG,2005,0.163391288,469.9429486,493.5216731
Argentina,ARG,2006,0.921526989,473.0080089,498.6050654
Argentina,ARG,2007,0.718921775,460.5918366,484.8690907
Argentina,ARG,2008,0.60572429,472.2757904,476.54098
Argentina,ARG,2009,0.535923494,472.638433,447.3601456
Argentina,ARG,2010,0.42481742,466.0651573,433.7106968
Argentina,ARG,2011,0.588208709,450.2484499,419.3257784
Argentina,ARG,2012,0.522847596,426.3833289,407.1040056
Argentina,ARG,2013,0.440289961,417.3698614,398.9597639
Argentina,ARG,2014,0.483438377,421.6337428,398.2840089
Aruba,ABW,2000,,1.38907736,
Aruba,ABW,2001,,1.392880128,
Aruba,ABW,2002,,1.392880128,
Aruba,ABW,2003,,1.392880128,
Aruba,ABW,2004,,1.38907736,
Aruba,ABW,2005,,1.386058729,
Aruba,ABW,2006,,1.317715034,
Aruba,ABW,2007,,1.460451479,
Aruba,ABW,2008,,1.453223272,
Aruba,ABW,2009,,1.65714006,
Aruba,ABW,2010,,1.65714006,
Aruba,ABW,2011,,1.65714006,
Aruba,ABW,2012,,1.65714006,
Aruba,ABW,2013,,1.65714006,
Aruba,ABW,2014,,1.65714006,
Australia,AUS,2000,1766.949495,488.2035976,366.5103648
Australia,AUS,2001,1948.779708,452.9462689,374.7967443
Australia,AUS,2002,2005.707669,438.7892131,390.5319297
Australia,AUS,2003,2019.237935,371.3228661,403.0285063
Australia,AUS,2004,2100.813638,328.5969781,414.0397869
Australia,AUS,2005,2208.67177,337.8089737,472.5353311
Australia,AUS,2006,2239.864287,326.9368371,495.4294864
Australia,AUS,2007,2359.438867,346.3460753,444.4943416
Australia,AUS,2008,2366.288234,346.5040641,461.2215621
Australia,AUS,2009,2462.976455,349.3159484,489.8885216
Australia,AUS,2010,2570.347309,356.1664252,560.7039046
Australia,AUS,2011,2437.512973,312.8478244,594.0192451
Australia,AUS,2012,2537.676957,305.404611,649.0579497
Australia,AUS,2013,2723.558626,265.0156624,715.2133614
Australia,AUS,2014,2851.820076,281.7822482,740.8194722
Austria,AUT,2000,3.238924259,14.59019987,18.7751222
Austria,AUT,2001,3.132759778,14.9076337,18.01579452
Austria,AUT,2002,3.667874632,15.85599681,19.5552504
Austria,AUT,2003,2.992486961,15.2750636,21.75001668
Austria,AUT,2004,0.610446558,15.6013057,20.60144847
Austria,AUT,2005,,14.69223786,17.180118
Austria,AUT,2006,,15.87061241,19.14666279
Austria,AUT,2007,,16.32130819,20.52556094
Austria,AUT,2008,,16.12759697,17.00990076
Austria,AUT,2009,,16.62106062,18.51511005
Austria,AUT,2010,,16.92933832,19.20179862
Austria,AUT,2011,,18.00224945,18.84110185
Austria,AUT,2012,,17.28701074,20.22023656
Austria,AUT,2013,,14.55241982,14.52335084
Austria,AUT,2014,,15.63465214,12.83559215
Azerbaijan,AZE,2000,,170.1442068,61.3341828
Azerbaijan,AZE,2001,,182.0979449,61.98436848
Azerbaijan,AZE,2002,,185.9632726,54.84816144
Azerbaijan,AZE,2003,,191.7153626,54.95373122
Azerbaijan,AZE,2004,,187.2695262,53.9275308
Azerbaijan,AZE,2005,,259.4171688,62.64635314
Azerbaijan,AZE,2006,,381.2085765,73.83385249
Azerbaijan,AZE,2007,,500.590863,116.6293407
Azerbaijan,AZE,2008,,517.7617036,181.3259833
Azerbaijan,AZE,2009,,598.9773613,176.7573752
Azerbaijan,AZE,2010,,616.0257763,180.535678
Azerbaijan,AZE,2011,,585.5819085,176.9847244
Azerbaijan,AZE,2012,,549.4158067,154.3798734
Azerbaijan,AZE,2013,,519.1817219,197.034621
Azerbaijan,AZE,2014,,504.5941693,206.1909816
Bahrain,BHR,2000,,29.34617094,92.86818845
Bahrain,BHR,2001,,29.0393377,96.44420971
Bahrain,BHR,2002,,29.1208938,102.5126094
Bahrain,BHR,2003,,29.23685169,104.2464379
Bahrain,BHR,2004,,29.83613251,105.6551736
Bahrain,BHR,2005,,28.01949435,113.065241
Bahrain,BHR,2006,,28.80270532,119.6105678
Bahrain,BHR,2007,,28.55589095,124.3612082
Bahrain,BHR,2008,,28.65210392,131.0121047
Bahrain,BHR,2009,,28.70378029,131.7510932
Bahrain,BHR,2010,,27.80307264,134.812617
Bahrain,BHR,2011,,28.39264904,133.2290702
Bahrain,BHR,2012,,32.5196838,144.6306071
Bahrain,BHR,2013,,36.05714217,165.7445644
Bahrain,BHR,2014,,37.53350632,177.6852163
Bangladesh,BGD,2000,,1.893147491,98.28650598
Bangladesh,BGD,2001,,2.418141687,104.3660837
Bangladesh,BGD,2002,,4.023676125,112.4721872
Bangladesh,BGD,2003,,4.075641389,126.6325111
Bangladesh,BGD,2004,,3.977176235,137.7540811
Bangladesh,BGD,2005,0.426308402,3.98528291,148.667099
Bangladesh,BGD,2006,2.496949335,3.969547116,164.428461
Bangladesh,BGD,2007,1.998666771,3.964411906,174.6247429
Bangladesh,BGD,2008,4.650637362,3.778359283,192.119416
Bangladesh,BGD,2009,4.916388093,3.351004833,210.365394
Bangladesh,BGD,2010,4.263084274,3.410764297,213.6926018
Bangladesh,BGD,2011,4.982825738,3.410764297,215.8391874
Bangladesh,BGD,2012,5.536498773,3.214240797,236.4464097
Bangladesh,BGD,2013,5.572614247,2.821187902,245.3547402
Bangladesh,BGD,2014,5.608965308,2.821187902,255.4142848
Barbados,BRB,2000,,0.902051884,0.316056092
Barbados,BRB,2001,,0.749351598,0.316056092
Barbados,BRB,2002,,0.589576395,0.316056092
Barbados,BRB,2003,,0.589576395,0.316056092
Barbados,BRB,2004,,0.59089115,0.316056092
Barbados,BRB,2005,,0.589576395,0.316056092
Barbados,BRB,2006,,0.609456911,0.316099051
Barbados,BRB,2007,,0.653539538,0.303419986
Barbados,BRB,2008,,0.649123611,0.346765698
Barbados,BRB,2009,,0.451615518,0.216728561
Barbados,BRB,2010,,0.590165971,0.216728561
Barbados,BRB,2011,,0.590165971,0.216728561
Barbados,BRB,2012,,0.590165971,0.216728561
Barbados,BRB,2013,,0.590165971,0.216728561
Barbados,BRB,2014,,0.590165971,0.216935561
Belarus,BLR,2000,,20.45117292,2.157320101
Belarus,BLR,2001,,20.85449623,2.146585653
Belarus,BLR,2002,,19.73266206,2.039256371
Belarus,BLR,2003,,20.24091818,1.717268523
Belarus,BLR,2004,,20.65347427,1.933790084
Belarus,BLR,2005,,20.72631053,1.846063662
Belarus,BLR,2006,,20.99014597,1.824597805
Belarus,BLR,2007,,21.2311648,1.717268523
Belarus,BLR,2008,,20.80947618,1.631405096
Belarus,BLR,2009,,18.90355257,1.60993924
Belarus,BLR,2010,,18.91263204,2.361244219
Belarus,BLR,2011,,18.90673628,2.361244219
Belarus,BLR,2012,,18.90673628,2.221717671
Belarus,BLR,2013,,18.90673628,2.253914936
Belarus,BLR,2014,,18.90673628,1.991987467
Belgium,BEL,2000,2.907811484,6.02436235,0.017781264
Belgium,BEL,2001,1.690407767,7.254501706,
Belgium,BEL,2002,1.218438572,7.700368855,
Belgium,BEL,2003,0.913976501,6.520921277,
Belgium,BEL,2004,1.282401384,6.30115078,
Belgium,BEL,2005,,5.12376672,
Belgium,BEL,2006,,6.903255673,
Belgium,BEL,2007,,6.617464412,
Belgium,BEL,2008,,5.023603586,
Belgium,BEL,2009,,7.430708403,
Belgium,BEL,2010,,7.487661483,
Belgium,BEL,2011,,6.208445788,
Belgium,BEL,2012,,6.839675755,
Belgium,BEL,2013,,7.626760242,
Belgium,BEL,2014,,7.626760242,
Belize,BLZ,2006,,1.330856691,
Belize,BLZ,2007,,1.768611269,
Belize,BLZ,2008,,2.069802266,
Belize,BLZ,2009,,2.352115027,
Belize,BLZ,2010,,2.506690166,
Belize,BLZ,2011,,2.358305579,
Belize,BLZ,2012,,1.909838398,
Belize,BLZ,2013,,1.768729184,
Belize,BLZ,2014,,1.071708387,
Benin,BEN,2000,,0.406807712,
Benin,BEN,2001,,0.412703476,
Benin,BEN,2002,,0.471661116,
Benin,BEN,2003,,0.235830558,
Bhutan,BTN,2000,0.340629358,,
Bhutan,BTN,2001,0.57631759,,
Bhutan,BTN,2002,0.603370383,,
Bhutan,BTN,2003,0.451838022,,
Bhutan,BTN,2004,0.201863775,,
Bhutan,BTN,2005,0.580970596,,
Bhutan,BTN,2006,0.667395061,,
Bhutan,BTN,2007,0.717099734,,
Bhutan,BTN,2008,0.842744223,,
Bhutan,BTN,2009,0.330717,,
Bhutan,BTN,2010,0.598240508,,
Bhutan,BTN,2011,0.599507649,,
Bhutan,BTN,2012,0.599504551,,
Bhutan,BTN,2013,0.603415216,,
Bhutan,BTN,2014,0.60735139,,
Bolivia,BOL,2000,,23.83960996,35.90821729
Bolivia,BOL,2001,,26.44441743,50.6176075
Bolivia,BOL,2002,,27.839874,62.73122297
Bolivia,BOL,2003,,25.3047073,78.08955687
Bolivia,BOL,2004,,36.16351354,108.6980674
Bolivia,BOL,2005,,36.94558073,133.574242
Bolivia,BOL,2006,,36.15069615,142.6594536
Bolivia,BOL,2007,,36.45088487,152.3936089
Bolivia,BOL,2008,,30.39702601,158.5693881
Bolivia,BOL,2009,,27.09657735,136.4944886
Bolivia,BOL,2010,,28.22686605,155.4220128
Bolivia,BOL,2011,,29.05122356,170.7803467
Bolivia,BOL,2012,,33.35108085,197.9278242
Bolivia,BOL,2013,,37.62241444,224.9671445
Bolivia,BOL,2014,,39.62949756,237.6713574
Bosnia and Herzegovina,BIH,2000,33.15839576,,
Bosnia and Herzegovina,BIH,2001,33.16450164,,
Bosnia and Herzegovina,BIH,2002,36.33167436,,
Bosnia and Herzegovina,BIH,2003,39.13395393,,
Bosnia and Herzegovina,BIH,2004,38.80307267,,
Bosnia and Herzegovina,BIH,2005,39.45679299,,
Bosnia and Herzegovina,BIH,2006,43.12219074,0.042986015,
Bosnia and Herzegovina,BIH,2007,42.2561614,0.034967776,
Bosnia and Herzegovina,BIH,2008,48.65544693,0.05745422,
Bosnia and Herzegovina,BIH,2009,49.63069919,0.055184351,
Bosnia and Herzegovina,BIH,2010,46.65419023,0.018836966,
Bosnia and Herzegovina,BIH,2011,49.82496488,0.018836966,
Bosnia and Herzegovina,BIH,2012,54.28513834,0.018836966,
Bosnia and Herzegovina,BIH,2013,52.24830804,0.018836966,
Bosnia and Herzegovina,BIH,2014,50.04463178,0.018836966,
Botswana,BWA,2000,6.45151981,,
Botswana,BWA,2001,6.33570579,,
Botswana,BWA,2002,6.492395343,,
Botswana,BWA,2003,5.606759026,,
Botswana,BWA,2004,6.219891832,,
Botswana,BWA,2005,6.710398102,,
Botswana,BWA,2006,6.553708611,,
Botswana,BWA,2007,5.64082198,,
Botswana,BWA,2008,6.199454097,,
Botswana,BWA,2009,5.027689112,,
Botswana,BWA,2010,6.730835837,,
Botswana,BWA,2011,5.368318469,,
Botswana,BWA,2012,5.041288273,,
Botswana,BWA,2013,5.068867205,,
Botswana,BWA,2014,5.096597012,,
Brazil,BRA,2000,23.11547291,904.4732152,78.4694011
Brazil,BRA,2001,19.37426606,927.6899141,71.25753571
Brazil,BRA,2002,17.3551039,1036.411775,87.51114279
Brazil,BRA,2003,15.93039814,1088.887959,94.93828776
Brazil,BRA,2004,18.70849353,1084.516009,103.9800294
Brazil,BRA,2005,21.25589145,1201.275128,106.9842144
Brazil,BRA,2006,19.88971855,1279.064551,108.1887449
Brazil,BRA,2007,20.4083392,1346.300374,107.7507338
Brazil,BRA,2008,23.29100502,1433.536857,138.1925062
Brazil,BRA,2009,19.86483875,1510.325521,112.5688561
Brazil,BRA,2010,18.54308612,1599.209787,137.8639978
Brazil,BRA,2011,18.69939523,1583.103656,159.6550507
Brazil,BRA,2012,20.39927061,1563.494163,185.4977064
Brazil,BRA,2013,22.79522921,1588.239739,230.8318566
Brazil,BRA,2014,0.000251743,1739.058634,238.7721072
Brunei,BRN,2000,,126.9757475,107.1722735
Brunei,BRN,2001,,128.2821898,112.1570304
Brunei,BRN,2002,,111.6696604,117.5752444
Brunei,BRN,2003,,115.7737901,123.5352798
Brunei,BRN,2004,,120.5277804,124.6189227
Brunei,BRN,2005,,125.6667582,129.856012
Brunei,BRN,2006,,129.9478433,153.5419391
Brunei,BRN,2007,,103.4776732,149.6477595
Brunei,BRN,2008,,93.01420743,149.0914481
Brunei,BRN,2009,,91.15178866,125.7263704
Brunei,BRN,2010,,93.39163066,131.2894841
Brunei,BRN,2011,,99.89312539,138.4102697
Brunei,BRN,2012,,93.6845499,131.623271
Brunei,BRN,2013,,79.82329638,138.7440566
Brunei,BRN,2014,,73.09889461,134.7188682
Bulgaria,BGR,2000,48.99977966,1.156790157,0.609820765
Bulgaria,BGR,2001,49.31671426,0.685341288,0.040654718
Bulgaria,BGR,2002,48.13853567,1.561274938,0.020596458
Bulgaria,BGR,2003,50.23009984,1.844230337,0.01960286
Bulgaria,BGR,2004,48.59986482,2.158592471,0.009740709
Bulgaria,BGR,2005,45.18007939,1.978919065,
Bulgaria,BGR,2006,47.0635104,1.991512416,
Bulgaria,BGR,2007,52.1741137,1.842414442,2.968373989
Bulgaria,BGR,2008,52.81715545,2.073546076,1.088403796
Bulgaria,BGR,2009,49.87278861,1.969715777,0.0989458
Bulgaria,BGR,2010,53.87078016,2.112823655,0.494728998
Bulgaria,BGR,2011,68.29191846,1.994908376,4.078884039
Bulgaria,BGR,2012,59.48009101,1.994908376,0.791566397
Bulgaria,BGR,2013,19.81398917,1.994908376,2.75069323
Bulgaria,BGR,2014,24.2647725,1.994908376,2.431035153
Burma,,2000,3.436423925,,31.55232511
Burma,,2001,3.969134964,,64.77016884
Burma,,2002,3.147636684,,91.63457444
Burma,,2003,5.583330345,,104.7252279
Burma,,2004,2.845888918,,111.2705547
Burma,,2005,3.588627075,,141.8154128
Burma,,2006,4.483346842,,137.4518617
Burma,,2007,4.870611906,,147.4880293
Burma,,2008,4.203643056,,135.2700861
Burma,,2009,3.892811836,,125.8884511
Burma,,2010,4.489550139,,131.4519788
Burma,,2011,4.072705821,,129.9247359
Burma,,2012,7.795253686,,130.9065349
Burma,,2013,7.846103383,,142.9063006
Burma,,2014,7.89728478,,176.7852455
Cambodia,KHM,2009,,0.353745837,
Cambodia,KHM,2010,,0.047755688,
Cambodia,KHM,2011,,0.000294788,
Cambodia,KHM,2012,,0.000294788,
Cambodia,KHM,2013,,0.000294788,
Cambodia,KHM,2014,,0.000294788,
Cameroon,CMR,2000,0.006812578,50.14916178,
Cameroon,CMR,2001,,45.33331312,
Cameroon,CMR,2002,,41.21183807,
Cameroon,CMR,2003,,39.63023453,
Cameroon,CMR,2004,,39.11663095,
Cameroon,CMR,2005,,48.76306178,
Cameroon,CMR,2006,,51.17964109,0.211139572
Cameroon,CMR,2007,,49.02725096,0.211139572
Cameroon,CMR,2008,,48.21571085,0.211139572
Cameroon,CMR,2009,,45.64514598,0.211139572
Cameroon,CMR,2010,,38.63155108,2.216965511
Cameroon,CMR,2011,,36.66252511,1.583546793
Cameroon,CMR,2012,,37.45239829,3.652714603
Cameroon,CMR,2013,,37.30863598,3.652714603
Cameroon,CMR,2014,,47.96462205,3.656295696
Canada,CAN,2000,483.6993582,1623.189038,1934.038484
Canada,CAN,2001,431.2627175,1660.460466,1975.910359
Canada,CAN,2002,405.9986686,1741.431608,1986.276484
Canada,CAN,2003,379.2957347,1835.731717,1938.639049
Canada,CAN,2004,402.0058313,1850.891247,1947.486729
Canada,CAN,2005,399.3193137,1825.522312,1974.745853
Canada,CAN,2006,405.283276,1941.234285,1970.855482
Canada,CAN,2007,427.1262674,2033.191075,1932.949831
Canada,CAN,2008,418.2386507,1971.293961,1819.705009
Canada,CAN,2009,384.7825073,1956.703225,1702.27457
Canada,CAN,2010,418.2384414,2029.162771,1633.30997
Canada,CAN,2011,414.5888477,2120.655394,1581.309542
Canada,CAN,2012,411.1853694,2273.361499,1536.297442
Canada,CAN,2013,427.2804871,2401.386686,1554.244493
Canada,CAN,2014,427.9749698,2584.299125,1615.123231
Chad,TCD,2003,,21.2651303,
Chad,TCD,2004,,100.574322,
Chad,TCD,2005,,104.1531096,
Chad,TCD,2006,,93.10461308,
Chad,TCD,2007,,85.01853155,
Chad,TCD,2008,,74.97285138,
Chad,TCD,2009,,70.43741705,
Chad,TCD,2010,,72.23522414,
Chad,TCD,2011,,67.78028468,
Chad,TCD,2012,,61.60107009,
Chad,TCD,2013,,57.72356764,
Chad,TCD,2014,,60.97512273,
Chile,CHL,2000,2.750476408,9.646584117,12.38892491
Chile,CHL,2001,4.330751714,10.12412331,13.04097359
Chile,CHL,2002,3.256826411,10.10627094,11.94284082
Chile,CHL,2003,4.332406463,9.983468068,20.08568683
Chile,CHL,2004,1.752518617,9.291635544,11.83426954
Chile,CHL,2005,4.091717238,9.033023754,22.14854115
Chile,CHL,2006,5.069517335,7.68729205,21.27997091
Chile,CHL,2007,1.827733983,6.291051336,19.30397361
Chile,CHL,2008,5.016866558,7.149392026,18.81540439
Chile,CHL,2009,4.783698794,7.650891604,21.11016915
Chile,CHL,2010,4.655832652,10.95199469,20.31004488
Chile,CHL,2011,4.919086535,11.33977677,17.37753201
Chile,CHL,2012,5.392917287,10.86964856,13.75446131
Chile,CHL,2013,21.98045228,10.1167536,10.42872324
Chile,CHL,2014,32.70691299,9.049054336,10.45437662
China,CHN,2000,7537.538557,1991.31038,294.7285907
China,CHN,2001,8091.683475,2024.979638,327.8247187
China,CHN,2002,9189.373252,2084.070922,353.0253651
China,CHN,2003,10458.25089,2106.501032,370.9794738
China,CHN,2004,11403.22285,2166.54733,440.8490773
China,CHN,2005,13852.37471,2245.705702,539.9211467
China,CHN,2006,14759.82147,2290.118587,632.9147769
China,CHN,2007,15814.18068,2332.387075,749.2054854
China,CHN,2008,16593.8401,2379.922993,822.4279646
China,CHN,2009,17688.00403,2398.128098,911.1385665
China,CHN,2010,19068.33765,2578.015909,1021.11289
China,CHN,2011,20770.55171,2576.438751,1111.326879
China,CHN,2012,19131.48111,2629.043829,1122.629314
China,CHN,2013,19368.10363,2678.548778,1220.771231
China,CHN,2014,18866.71408,2695.609339,1315.965886
Colombia,COL,2000,274.6336557,415.1301727,54.80624402
Colombia,COL,2001,312.7880194,375.4564864,58.55614493
Colombia,COL,2002,284.6420658,346.8336962,59.22920406
Colombia,COL,2003,360.2198914,327.0240532,58.55614493
Colombia,COL,2004,386.6054448,319.524724,59.42150667
Colombia,COL,2005,425.2770057,318.7759973,64.13292063
Colombia,COL,2006,472.3105573,323.2953834,69.42124243
Colombia,COL,2007,503.3164681,321.9726157,73.45959725
Colombia,COL,2008,529.2360904,355.9119287,86.53617477
Colombia,COL,2009,524.2318852,406.9708481,100.8627193
Colombia,COL,2010,535.3419406,475.1336146,108.2663698
Colombia,COL,2011,617.8069203,553.3429279,105.2856793
Colombia,COL,2012,644.0732516,571.3318824,98.0743314
Colombia,COL,2013,620.2434359,606.3638338,98.0743314
Colombia,COL,2014,642.6016517,599.1940955,91.89758846
Congo,COG,2000,,172.1017125,
Congo,COG,2001,,157.0338319,
Congo,COG,2002,,153.2675177,
Congo,COG,2003,,150.6504824,
Congo,COG,2004,,143.2240484,1.300371367
Congo,COG,2005,,139.066904,1.794686366
Congo,COG,2006,,145.7997839,1.900256152
Congo,COG,2007,,125.9633741,3.061523801
Congo,COG,2008,,141.4262059,3.90608209
Congo,COG,2009,,161.8307729,5.59519867
Congo,COG,2010,,183.8957107,9.817990119
Congo,COG,2011,,176.2312176,12.14052542
Congo,COG,2012,,172.1041828,12.3411095
Congo,COG,2013,,161.4918077,17.41901473
Congo,COG,2014,,152.6481618,20.4068437
Costa Rica,CRI,2000,,0.000077,
Costa Rica,CRI,2001,,0.042083963,
Costa Rica,CRI,2002,,0.281693706,
Costa Rica,CRI,2003,,0.429925003,
Costa Rica,CRI,2004,,0.602883134,
Costa Rica,CRI,2005,,1.106723329,
Costa Rica,CRI,2006,,1.094124082,
Costa Rica,CRI,2007,,1.554465331,
Costa Rica,CRI,2008,,1.361007628,
Costa Rica,CRI,2009,,0.722856034,
Costa Rica,CRI,2010,,0.230335706,
Costa Rica,CRI,2011,,0.171378066,
Costa Rica,CRI,2012,,0.171378066,
Costa Rica,CRI,2013,,0.171378066,
Costa Rica,CRI,2014,,0.171378066,
Cote d'Ivoire,CIV,2000,,7.28991756,14.62917788
Cote d'Ivoire,CIV,2001,,6.804083028,14.62917788
Cote d'Ivoire,CIV,2002,,7.708540383,13.88284089
Cote d'Ivoire,CIV,2003,,11.70402297,13.88284089
Cote d'Ivoire,CIV,2004,,16.37661045,13.46842773
Cote d'Ivoire,CIV,2005,,23.5451873,13.46842773
Cote d'Ivoire,CIV,2006,,37.31825197,13.46842773
Cote d'Ivoire,CIV,2007,,31.27335468,15.54049353
Cote d'Ivoire,CIV,2008,,35.33423897,16.57652643
Cote d'Ivoire,CIV,2009,,34.47839219,16.57652643
Cote d'Ivoire,CIV,2010,,26.22421654,15.54049353
Cote d'Ivoire,CIV,2011,,23.72215455,15.54049353
Cote d'Ivoire,CIV,2012,,22.73535695,18.44138566
Cote d'Ivoire,CIV,2013,,22.19571768,18.44138566
Cote d'Ivoire,CIV,2014,,21.60614128,21.60457871
Croatia,HRV,2000,,19.70215148,17.98847057
Croatia,HRV,2001,,19.10781721,19.07211338
Croatia,HRV,2002,,18.40799592,16.36331687
Croatia,HRV,2003,,18.47151688,19.53041045
Croatia,HRV,2004,,16.96674695,17.24554908
Croatia,HRV,2005,,16.32590688,16.17805224
Croatia,HRV,2006,,15.11007065,16.59826139
Croatia,HRV,2007,,14.05304861,21.39915241
Croatia,HRV,2008,,13.02894852,21.37813897
Croatia,HRV,2009,,14.4120181,20.80035288
Croatia,HRV,2010,,14.04649252,19.89690321
Croatia,HRV,2011,,12.90771982,15.79986401
Croatia,HRV,2012,,11.83544544,17.01847054
Croatia,HRV,2013,,11.9320947,16.38815681
Croatia,HRV,2014,,10.79816831,14.48368901
Cuba,CUB,2000,,25.86942715,6.501856834
Cuba,CUB,2001,,30.34100446,3.250928417
Cuba,CUB,2002,,28.62039061,3.79274982
Cuba,CUB,2003,,33.17871819,4.009478381
Cuba,CUB,2004,,34.91064602,4.009478381
Cuba,CUB,2005,,31.5159182,4.334571223
Cuba,CUB,2006,,30.80517206,4.334571223
Cuba,CUB,2007,,30.44214629,6.501856834
Cuba,CUB,2008,,29.89101028,12.57025655
Cuba,CUB,2009,,27.32217287,12.57025655
Cuba,CUB,2010,,30.37948022,11.59497802
Cuba,CUB,2011,,31.67654829,11.1615209
Cuba,CUB,2012,,29.9529217,11.20486661
Cuba,CUB,2013,,28.72866631,11.20486661
Cuba,CUB,2014,,28.72866631,11.21556849
Cyprus,CYP,2000,,0.214623495,
Cyprus,CYP,2001,,0.210384441,
Cyprus,CYP,2002,,0.152558788,
Cyprus,CYP,2003,,0.112821339,
Cyprus,CYP,2004,,0.04295064,
Cyprus,CYP,2005,,0.011791528,
Cyprus,CYP,2006,,0.011791528,
Cyprus,CYP,2007,,0.011791528,
Cyprus,CYP,2008,,0.117915279,
Cyprus,CYP,2009,,0.117915279,
Cyprus,CYP,2010,,0.058957639,
Cyprus,CYP,2011,,0.058957639,
Cyprus,CYP,2012,,0.004993712,
Czech Republic,CZE,2000,166.5780437,5.519867725,2.187314235
Czech Republic,CZE,2001,169.6544723,5.450904974,1.574852811
Czech Republic,CZE,2002,164.2662445,7.355171876,1.48220117
Czech Republic,CZE,2003,158.9244089,9.0475745,1.693587771
Czech Republic,CZE,2004,153.8135845,10.12111647,2.098407883
Czech Republic,CZE,2005,154.2580733,10.34381127,1.990892321
Czech Republic,CZE,2006,156.371007,9.33404967,1.903485346
Czech Republic,CZE,2007,195.4546025,8.103208718,2.117793503
Czech Republic,CZE,2008,189.0465791,6.431429476,2.072005178
Czech Republic,CZE,2009,173.4129219,6.125510076,1.882826787
Czech Republic,CZE,2010,172.6012957,6.062619962,2.159876533
Czech Republic,CZE,2011,181.9385514,7.671756712,1.972954405
Czech Republic,CZE,2012,172.1005552,6.056995404,2.820039608
Czech Republic,CZE,2013,149.4426912,6.294907166,2.702089728
Czech Republic,CZE,2014,144.2245884,6.294907166,2.388079864
Democratic Republic of Congo,COD,2000,,15.33902675,
Democratic Republic of Congo,COD,2001,,14.15990344,
Democratic Republic of Congo,COD,2002,,13.36319117,
Democratic Republic of Congo,COD,2003,,12.97068068,
Democratic Republic of Congo,COD,2004,,12.43104141,
Democratic Republic of Congo,COD,2005,,11.64292516,
Democratic Republic of Congo,COD,2006,,11.79152789,0.042227914
Democratic Republic of Congo,COD,2007,,13.06274893,0.095011313
Democratic Republic of Congo,COD,2008,,11.76655933,0.095011313
Democratic Republic of Congo,COD,2009,,12.97068068,0.095011313
Democratic Republic of Congo,COD,2010,,12.38110429,0.095011313
Democratic Republic of Congo,COD,2011,,11.88682702,0.095011313
Democratic Republic of Congo,COD,2012,0.881113077,11.79152789,
Democratic Republic of Congo,COD,2013,0.807687017,11.79152789,
Democratic Republic of Congo,COD,2014,0.734260958,11.79152789,
Denmark,DNK,2000,,215.3010774,96.20978268
Denmark,DNK,2001,,205.7560184,98.00809154
Denmark,DNK,2002,,220.1669045,98.20498954
Denmark,DNK,2003,,223.1011436,93.07203294
Denmark,DNK,2004,,231.5531222,109.7027399
Denmark,DNK,2005,,224.5012697,121.2095066
Denmark,DNK,2006,,203.8398774,120.5032742
Denmark,DNK,2007,,185.8876299,106.8173433
Denmark,DNK,2008,,171.2095301,116.4875668
Denmark,DNK,2009,,155.829799,97.15716965
Denmark,DNK,2010,,147.0785279,94.86066291
Denmark,DNK,2011,,133.3470578,81.67794799
Denmark,DNK,2012,,122.1190648,67.08805864
Denmark,DNK,2013,,106.5483463,56.01269096
Denmark,DNK,2014,,100.5632851,53.32114463
Dominican Republic,DOM,2000,,0.09095395,
Dominican Republic,DOM,2001,,0.055850572,
Dominican Republic,DOM,2002,,0.03951341,
Dominican Republic,DOM,2003,,0.007045438,
Dominican Republic,DOM,2004,,0.264525241,
Dominican Republic,DOM,2005,,0.229492612,
Dominican Republic,DOM,2006,,0.181925588,
Dominican Republic,DOM,2007,,0.231202383,
Dominican Republic,DOM,2008,,0.156845008,
Dominican Republic,DOM,2009,,0.020381656,
Dominican Republic,DOM,2010,,0.036023118,
Dominican Republic,DOM,2011,,0.036023118,
Dominican Republic,DOM,2012,,0.036023118,
Dominican Republic,DOM,2013,,0.036023118,
Dominican Republic,DOM,2014,,0.036023118,
Ecuador,ECU,2000,,233.6558287,1.883696186
Ecuador,ECU,2001,,243.2069309,2.152795641
Ecuador,ECU,2002,,231.5376104,1.345497275
Ecuador,ECU,2003,,242.5173977,2.018245913
Ecuador,ECU,2004,,311.8893441,2.287345368
Ecuador,ECU,2005,,314.099949,3.498292916
Ecuador,ECU,2006,,316.2369453,3.767392371
Ecuador,ECU,2007,,301.5224274,3.700119412
Ecuador,ECU,2008,,297.8945457,3.498292916
Ecuador,ECU,2009,,286.3612935,3.982671935
Ecuador,ECU,2010,,287.3052937,4.440141009
Ecuador,ECU,2011,,295.1445137,3.229193461
Ecuador,ECU,2012,,297.4462671,6.956222819
Ecuador,ECU,2013,,310.7237044,6.929312874
Ecuador,ECU,2014,,328.5558198,6.951701484
Egypt,EGY,2000,0.395130047,467.7329687,198.3066334
Egypt,EGY,2001,0.252065713,441.0388008,266.0343088
Egypt,EGY,2002,0.252065713,437.7909483,270.9107014
Egypt,EGY,2003,0.252065713,438.7010714,324.7677489
Egypt,EGY,2004,0.224815338,412.7577586,352.8340975
Egypt,EGY,2005,0.170314648,402.5474038,448.6715915
Egypt,EGY,2006,,402.5832796,477.1754337
Egypt,EGY,2007,,397.1809262,490.899506
Egypt,EGY,2008,,416.5488645,622.5450294
Egypt,EGY,2009,,429.5775477,661.8169899
Egypt,EGY,2010,,433.4288966,647.4594989
Egypt,EGY,2011,,423.7146114,646.7205104
Egypt,EGY,2012,,419.5948756,639.7529045
Egypt,EGY,2013,,410.1382058,608.0819687
Egypt,EGY,2014,,393.1794005,528.2328219
El Salvador,SLV,2000,,0.348592939,
El Salvador,SLV,2001,,0.394603481,
El Salvador,SLV,2002,,0.163766635,
El Salvador,SLV,2003,,0.062430244,
El Salvador,SLV,2004,,0.120444562,
El Salvador,SLV,2005,,0.569601546,
El Salvador,SLV,2006,,3.129400754,
El Salvador,SLV,2007,,2.533627911,
El Salvador,SLV,2008,,2.465862,
El Salvador,SLV,2009,,1.044464062,
El Salvador,SLV,2010,,0.30461054,
El Salvador,SLV,2011,,0.302841811,
El Salvador,SLV,2012,,0.302841811,
El Salvador,SLV,2013,,0.302841811,
El Salvador,SLV,2014,,0.302841811,
Equatorial Guinea,GNQ,2000,,98.75404611,0.325092842
Equatorial Guinea,GNQ,2001,,106.9717741,0.325092842
Equatorial Guinea,GNQ,2002,,125.3213254,13.76226363
Equatorial Guinea,GNQ,2003,,121.7274092,14.08735647
Equatorial Guinea,GNQ,2004,,217.0865388,1.083642806
Equatorial Guinea,GNQ,2005,,221.372205,14.08735647
Equatorial Guinea,GNQ,2006,,213.9370806,14.08735647
Equatorial Guinea,GNQ,2007,,217.2758636,31.64236993
Equatorial Guinea,GNQ,2008,,211.7776981,64.47674694
Equatorial Guinea,GNQ,2009,,204.0029071,67.94440392
Equatorial Guinea,GNQ,2010,,190.2624224,70.87023949
Equatorial Guinea,GNQ,2011,,176.2173271,74.55462503
Equatorial Guinea,GNQ,2012,,183.0045129,70.43678237
Equatorial Guinea,GNQ,2013,,171.4472001,68.16113248
Equatorial Guinea,GNQ,2014,,158.5960502,79.85259779
Estonia,EST,2000,,2.798719146,
Estonia,EST,2001,,3.026661171,
Estonia,EST,2002,,3.260593293,
Estonia,EST,2003,,3.618796328,
Estonia,EST,2004,,3.886511177,
Estonia,EST,2005,,4.068077123,
Estonia,EST,2006,,4.292116153,
Estonia,EST,2007,,4.362877112,
Estonia,EST,2008,,4.4807806,
Estonia,EST,2009,,5.306187552,
Estonia,EST,2010,,5.895763947,
Estonia,EST,2011,,6.485340342,
Estonia,EST,2012,,6.485340342,
Estonia,EST,2013,,7.664493131,
Estonia,EST,2014,,7.664493131,
Ethiopia,ETH,2008,,0.058957639,
Ethiopia,ETH,2009,,0.058957639,
Ethiopia,ETH,2010,,0.058957639,
Ethiopia,ETH,2011,,0.058957639,
Ethiopia,ETH,2012,,0.058957639,
Ethiopia,ETH,2013,,0.058957639,
Ethiopia,ETH,2014,,0.058957639,
Fiji,FJI,2010,,0.005895764,
Fiji,FJI,2011,,0.017687292,
Fiji,FJI,2012,,0.017687292,
Fiji,FJI,2013,,0.017687292,
Fiji,FJI,2014,,0.017687292,
Finland,FIN,2000,,4.881509779,
Finland,FIN,2001,,4.598931709,
Finland,FIN,2002,,5.313757713,
Finland,FIN,2003,,5.473892558,
Finland,FIN,2004,,5.397678017,
Finland,FIN,2005,,5.407146614,
Finland,FIN,2006,,6.007040596,
Finland,FIN,2007,,5.771210038,
Finland,FIN,2008,,5.030802314,
Finland,FIN,2009,,5.625278089,
Finland,FIN,2010,,9.02249392,
Finland,FIN,2011,,8.390202715,
Finland,FIN,2012,,7.874971904,
Finland,FIN,2013,,5.866874704,
Finland,FIN,2014,,5.866874704,
France,FRA,2000,23.11031087,54.95384976,19.43726064
France,FRA,2001,15.02265138,53.14030687,19.98591303
France,FRA,2002,10.86725033,50.82962727,19.49211553
France,FRA,2003,11.94123523,53.20126907,16.83010092
France,FRA,2004,1.100648201,52.53416338,14.54793054
France,FRA,2005,0.709952192,49.67189969,11.74774371
France,FRA,2006,0.520094636,52.42304002,12.95962276
France,FRA,2007,0.485575081,44.00145415,11.53567264
France,FRA,2008,0.318730563,43.08505788,10.01712372
France,FRA,2009,0.169145822,44.9915239,9.526948708
France,FRA,2010,0.300320133,45.12765119,8.057458684
France,FRA,2011,0.171447126,44.73831263,7.199859421
France,FRA,2012,0.333689037,38.73538727,6.201169243
France,FRA,2013,0.360154029,36.7450717,3.936698973
France,FRA,2014,0.345195555,36.20234304,3.479215161
Gabon,GAB,2000,,185.5937909,0.866914245
Gabon,GAB,2001,,159.0690968,0.866914245
Gabon,GAB,2002,,148.012075,0.975278525
Gabon,GAB,2003,,142.1820075,0.975278525
Gabon,GAB,2004,,140.7738161,1.083642806
Gabon,GAB,2005,,156.8443185,1.047417879
Gabon,GAB,2006,,139.6602949,1.047417879
Gabon,GAB,2007,,143.7959139,0.837934303
Gabon,GAB,2008,,146.066632,0.837934303
Gabon,GAB,2009,,142.6347668,0.837934303
Gabon,GAB,2010,,144.7459161,0.837934303
Gabon,GAB,2011,,144.0658869,0.733192515
Gabon,GAB,2012,,142.6536038,4.022084655
Gabon,GAB,2013,,140.8434097,4.022084655
Gabon,GAB,2014,,141.2811466,4.716636331
Georgia,GEO,2000,0.034412982,1.173274713,0.650185683
Georgia,GEO,2001,0.004916134,1.242726812,0.650185683
Georgia,GEO,2002,0.029496848,0.862243686,0.138856831
Georgia,GEO,2003,0.039329116,1.639435081,0.213623567
Georgia,GEO,2004,0.039329116,1.166830643,0.20720658
Georgia,GEO,2005,0.024580714,1.165822467,0.150593616
Georgia,GEO,2006,0.04424525,0.586545972,0.107018783
Georgia,GEO,2007,0.068825964,0.580042944,0.107018783
Georgia,GEO,2008,0.054077517,0.577006626,0.107018783
Georgia,GEO,2009,0.747253287,0.585573171,0.107018783
Georgia,GEO,2010,0.516194682,0.589576395,0.107018783
Georgia,GEO,2011,0.688259591,0.589576395,0.066887118
Georgia,GEO,2012,1.248678466,0.589576395,
Georgia,GEO,2013,1.301753237,0.589576395,
Georgia,GEO,2014,1.152080835,0.589576395,
Germany,DEU,2000,651.8604449,79.56947785,204.244987
Germany,DEU,2001,623.2449595,76.36199949,205.940157
Germany,DEU,2002,627.4628305,80.00680793,206.662689
Germany,DEU,2003,618.0202504,81.99371576,205.8012098
Germany,DEU,2004,627.8857515,73.50316124,190.4427724
Germany,DEU,2005,610.9275893,90.64330261,183.8751402
Germany,DEU,2006,580.0035799,97.65992792,181.6427027
Germany,DEU,2007,592.6256333,70.96214594,169.1324851
Germany,DEU,2008,547.6813393,73.63775564,146.2416241
Germany,DEU,2009,500.7054051,78.44950084,168.9096708
Germany,DEU,2010,494.1168302,82.46247616,143.1304398
Germany,DEU,2011,506.02454,93.22838285,144.8849696
Germany,DEU,2012,524.5046848,95.01403288,127.8747363
Germany,DEU,2013,495.5978717,95.96380507,115.1341605
Germany,DEU,2014,485.4100955,93.76380076,108.157402
Ghana,GHA,2000,,4.204782202,
Ghana,GHA,2001,,4.235121803,
Ghana,GHA,2002,,4.382427465,
Ghana,GHA,2003,,4.408504429,
Ghana,GHA,2004,,5.054750907,
Ghana,GHA,2005,,4.362505679,
Ghana,GHA,2006,,4.174808138,
Ghana,GHA,2007,,4.534544071,
Ghana,GHA,2008,,4.261051373,
Ghana,GHA,2009,,4.060831229,
Ghana,GHA,2010,,4.990121543,
Ghana,GHA,2011,,45.86149103,
Ghana,GHA,2012,,46.94800368,
Ghana,GHA,2013,,58.47842588,
Ghana,GHA,2014,,62.66845688,
Greece,GRC,2000,91.08104014,4.510583686,0.546603093
Greece,GRC,2001,92.9670643,4.726132816,0.518380797
Greece,GRC,2002,95.07715404,3.91254687,0.547998243
Greece,GRC,2003,92.15068604,3.195097252,0.400453139
Greece,GRC,2004,92.871707,3.088283696,0.371307601
Greece,GRC,2005,92.01911342,3.388148146,0.236310721
Greece,GRC,2006,85.90510246,3.908767686,0.335889937
Greece,GRC,2007,87.92189072,3.029249412,0.284947194
Greece,GRC,2008,87.14222504,3.542404914,0.189094117
Greece,GRC,2009,86.04565443,3.783164331,0.151422142
Greece,GRC,2010,74.94337431,4.999525286,0.090781502
Greece,GRC,2011,77.78888884,4.467839398,0.079425739
Greece,GRC,2012,81.92454209,5.281071598,0.079425739
Greece,GRC,2013,70.14850468,5.205711943,0.06618999
Greece,GRC,2014,64.07375301,5.155633324,0.058498051
Guatemala,GTM,2000,,12.08869798,
Guatemala,GTM,2001,,12.34624853,
Guatemala,GTM,2002,,10.55523336,
Guatemala,GTM,2003,,12.9674498,
Guatemala,GTM,2004,,11.68038095,
Guatemala,GTM,2005,,10.12532015,
Guatemala,GTM,2006,,12.65525142,
Guatemala,GTM,2007,,11.04932786,
Guatemala,GTM,2008,,10.87286764,
Guatemala,GTM,2009,,9.753922395,
Guatemala,GTM,2010,,8.832001787,
Guatemala,GTM,2011,,8.82751511,
Guatemala,GTM,2012,,8.597079176,
Guatemala,GTM,2013,,8.256351186,
Guatemala,GTM,2014,,8.294714922,
Honduras,HND,2005,,0.000589576,
Honduras,HND,2006,,0.011791528,
Honduras,HND,2007,,0.011791528,
Honduras,HND,2008,,0.011791528,
Honduras,HND,2009,,0.011791528,
Honduras,HND,2010,,0.011791528,
Honduras,HND,2011,,0.011791528,
Honduras,HND,2012,,0.011791528,
Honduras,HND,2013,,0.011791528,
Honduras,HND,2014,,0.011791528,
Hong Kong,HKG,2010,,0.058957639,
Hong Kong,HKG,2011,,0.058957639,
Hong Kong,HKG,2012,,0.058957639,
Hong Kong,HKG,2013,,0.058957639,
Hong Kong,HKG,2014,,0.058957639,
Hungary,HUN,2000,32.03800437,29.13391165,31.9999824
Hungary,HUN,2001,31.28851681,28.73641335,32.00283005
Hungary,HUN,2002,29.72682819,25.32667491,30.44324205
Hungary,HUN,2003,30.35207965,26.84303003,29.53578836
Hungary,HUN,2004,25.35468934,28.02524272,30.56729832
Hungary,HUN,2005,21.5837375,24.92671808,30.11748681
Hungary,HUN,2006,22.44528272,23.39273463,30.78389232
Hungary,HUN,2007,22.1430653,19.34808138,25.9013932
Hungary,HUN,2008,21.20934876,21.81397286,25.93253628
Hungary,HUN,2009,20.26661079,20.85130662,29.55142576
Hungary,HUN,2010,20.55304074,20.31590051,28.87437153
Hungary,HUN,2011,21.5499072,16.29612148,27.33978014
Hungary,HUN,2012,20.95099233,16.41225624,22.08136979
Hungary,HUN,2013,21.58504894,16.4220609,19.26436564
Hungary,HUN,2014,21.59861733,14.89562403,17.02565359
India,IND,2000,1741.942684,455.7136285,240.7922624
India,IND,2001,1830.662291,462.5998041,257.9152677
India,IND,2002,1728.509011,481.0148396,280.3892122
India,IND,2003,1837.010912,482.4701146,292.1612784
India,IND,2004,1950.598026,499.1358651,301.7929689
India,IND,2005,2068.581995,485.8471315,319.986162
India,IND,2006,2186.581044,503.0888451,329.6178525
India,IND,2007,2323.176632,502.6986694,335.824942
India,IND,2008,2495.145917,515.8609506,344.6004822
India,IND,2009,2692.598626,515.0502712,435.4594292
India,IND,2010,2710.54244,569.1189841,560.1363118
India,IND,2011,2769.684959,587.1033104,509.623446
India,IND,2012,2837.673775,583.7855046,438.7770115
India,IND,2013,2841.013251,579.0837684,369.2148024
India,IND,2014,3024.246721,576.3246983,347.3510017
Indonesia,IDN,2000,521.871407,902.2160337,714.568763
Indonesia,IDN,2001,637.6853843,845.2053937,603.1077687
Indonesia,IDN,2002,695.789938,790.0509582,659.0638954
Indonesia,IDN,2003,797.7811764,734.210191,699.4515836
Indonesia,IDN,2004,979.0641137,697.6920237,648.0080478
Indonesia,IDN,2005,1161.825383,677.7333239,639.0956809
Indonesia,IDN,2006,1589.485525,649.8381654,702.4975825
Indonesia,IDN,2007,1695.189624,614.0644031,773.7965181
Indonesia,IDN,2008,1694.739993,628.1439119,789.7034009
Indonesia,IDN,2009,1984.145497,620.9131996,816.7789461
Indonesia,IDN,2010,2214.090743,614.3269414,907.7076519
Indonesia,IDN,2011,2454.820313,602.7714033,860.2126331
Indonesia,IDN,2012,3016.652387,583.241414,836.7471606
Indonesia,IDN,2013,3299.197255,553.7848744,794.2159918
Indonesia,IDN,2014,3364.726679,537.2767353,808.0332007
Iran,IRN,2000,7.820849757,2219.982207,658.3977708
Iran,IRN,2001,6.649084834,2240.385094,721.3521393
Iran,IRN,2002,7.030589662,2077.648685,819.7183401
Iran,IRN,2003,7.786786802,2259.86639,885.2958073
Iran,IRN,2004,8.202354647,2419.744557,916.9915831
Iran,IRN,2005,10.60038524,2498.968826,1131.211309
Iran,IRN,2006,11.24758094,2446.353083,1187.061452
Iran,IRN,2007,11.34295717,2381.314075,1223.019763
Iran,IRN,2008,10.83201316,2462.977409,1271.109906
Iran,IRN,2009,7.848100133,2463.424768,1543.223608
Iran,IRN,2010,6.982901551,2501.615841,1597.357805
Iran,IRN,2011,7.057840038,2484.455878,1659.10992
Iran,IRN,2012,8.011560791,2074.022112,1745.464517
Iran,IRN,2013,8.033510274,1882.146249,1762.864405
Iran,IRN,2014,8.033510274,1989.631679,1854.937579
Iraq,IRQ,2000,,1522.267797,34.13474838
Iraq,IRQ,2001,,1420.184419,29.90854144
Iraq,IRQ,2002,,1202.612824,25.57397021
Iraq,IRQ,2003,,777.0878949,11.92007086
Iraq,IRQ,2004,,1191.278477,18.9637491
Iraq,IRQ,2005,,1113.956919,15.307619
Iraq,IRQ,2006,,1184.718974,19.00256152
Iraq,IRQ,2007,,1236.126935,15.41318879
Iraq,IRQ,2008,,1405.875966,19.84711981
Iraq,IRQ,2009,,1414.492289,12.11941146
Iraq,IRQ,2010,,1416.679063,13.72407221
Iraq,IRQ,2011,,1549.992144,9.290141188
Iraq,IRQ,2012,,1760.853198,6.81980819
Iraq,IRQ,2013,,1802.742737,12.45723477
Iraq,IRQ,2014,,1987.667818,13.25550264
Ireland,IRL,2000,,0.239621534,12.75380307
Ireland,IRL,2001,,0.132695959,8.764208525
Ireland,IRL,2002,,0.070413109,8.664609155
Ireland,IRL,2003,,0.024797583,7.237193318
Ireland,IRL,2004,,0.090458706,8.902328947
Ireland,IRL,2005,,0.030162728,5.973469704
Ireland,IRL,2006,,0.367642152,5.305109457
Ireland,IRL,2007,,0.328453009,4.772511364
Ireland,IRL,2008,,0.27088677,4.574090438
Ireland,IRL,2009,,0.17433774,4.115639606
Ireland,IRL,2010,,0.633818207,4.073535892
Ireland,IRL,2011,,0.427802528,3.670455965
Ireland,IRL,2012,0.44916241,0.598420041,2.358823821
Ireland,IRL,2013,0.432309407,0.544179012,3.649300608
Ireland,IRL,2014,0.414075898,0.544179012,3.225215362
Israel,ISR,2000,,2.159759832,0.107536282
Israel,ISR,2001,,2.307525364,0.107536282
Israel,ISR,2002,,1.615504175,0.103396291
Israel,ISR,2003,,1.883177754,0.206792581
Israel,ISR,2004,,3.50838046,8.064910669
Israel,ISR,2005,,3.092740894,7.766210274
Israel,ISR,2006,,2.260235441,10.23022978
Israel,ISR,2007,,2.375444565,12.02315665
Israel,ISR,2008,,2.371865836,15.18714525
Israel,ISR,2009,,3.526368436,12.4450218
Israel,ISR,2010,,3.581087021,16.3472744
Israel,ISR,2011,,3.39654961,45.04465243
Israel,ISR,2012,,3.390064269,26.26110532
Israel,ISR,2013,,3.394191304,67.92028847
Israel,ISR,2014,,3.394191304,79.57044256
Italy,ITA,2000,0.01797413,79.31086016,176.1106805
Italy,ITA,2001,0.980054327,72.06986565,161.3827313
Italy,ITA,2002,1.146563904,76.54993287,154.8287431
Italy,ITA,2003,1.758533611,84.24414654,147.0147781
Italy,ITA,2004,0.689345155,90.32939445,137.2314397
Italy,ITA,2005,0.668242777,97.1701845,127.8080942
Italy,ITA,2006,0.147716833,98.18340691,116.2459671
Italy,ITA,2007,1.111393211,99.40818702,102.7674052
Italy,ITA,2008,0.822993736,94.79545922,97.99220582
Italy,ITA,2009,0.506457693,85.79844679,84.84187135
Italy,ITA,2010,0.710447596,92.05811498,89.00296807
Italy,ITA,2011,0.6471404,90.0409383,89.4582548
Italy,ITA,2012,0.56272938,89.0214428,91.10998726
Italy,ITA,2013,0.56272938,94.63251799,81.89840241
Italy,ITA,2014,0.56272938,99.89024826,75.69625442
Jamaica,JAM,2000,,0.328753693,
Jamaica,JAM,2001,,0.242315898,
Jamaica,JAM,2002,,0.770375892,
Jamaica,JAM,2003,,1.20871415,
Jamaica,JAM,2004,,0.888485731,
Jamaica,JAM,2005,,1.086211967,
Jamaica,JAM,2006,,2.703107542,
Jamaica,JAM,2007,,2.562493572,
Jamaica,JAM,2008,,3.363350563,
Jamaica,JAM,2009,,3.524552541,
Jamaica,JAM,2010,,0.660095627,
Jamaica,JAM,2011,,1.249672022,
Jamaica,JAM,2012,,1.249672022,
Jamaica,JAM,2013,,1.249672022,
Jamaica,JAM,2014,,1.249672022,
Japan,JPN,2000,17.21902777,66.14992907,68.68413929
Japan,JPN,2001,18.63503784,71.37370564,65.17507206
Japan,JPN,2002,,70.8522489,73.1874342
Japan,JPN,2003,,68.72622463,62.39398094
Japan,JPN,2004,,72.74883952,66.99483474
Japan,JPN,2005,,75.7338648,60.16172857
Japan,JPN,2006,,77.5663213,62.34853424
Japan,JPN,2007,,78.08594445,65.81302412
Japan,JPN,2008,,73.85718418,64.33877311
Japan,JPN,2009,,81.13995018,61.25512966
Japan,JPN,2010,,84.06245678,59.52288646
Japan,JPN,2011,,80.49364474,60.35829537
Japan,JPN,2012,,75.30980019,58.60147784
Japan,JPN,2013,,81.48638527,56.14439281
Japan,JPN,2014,,80.89680887,69.45460225
Jordan,JOR,2000,,0.286510545,3.142564136
Jordan,JOR,2001,,0.157151588,3.142564136
Jordan,JOR,2002,,0.103234827,3.359292698
Jordan,JOR,2003,,0.083554767,3.359292698
Jordan,JOR,2004,,0.214617599,3.359292698
Jordan,JOR,2005,,0.15245856,2.955954014
Jordan,JOR,2006,,0.07558959,3.378233159
Jordan,JOR,2007,,0.05174712,2.639244656
Jordan,JOR,2008,,0.41651214,2.216965511
Jordan,JOR,2009,,0.362170883,2.322535297
Jordan,JOR,2010,,0.095959454,2.322535297
Jordan,JOR,2011,,0.094780301,2.428105083
Jordan,JOR,2012,,0.097138607,1.921370109
Jordan,JOR,2013,,0.097138607,1.583546793
Jordan,JOR,2014,,0.097138607,1.855167609
Kazakhstan,KAZ,2000,378.0676318,427.8138594,96.44420971
Kazakhstan,KAZ,2001,386.1445239,492.8688803,109.2311948
Kazakhstan,KAZ,2002,360.6616738,570.4236282,141.9572075
Kazakhstan,KAZ,2003,413.9493586,626.1146489,77.9789363
Kazakhstan,KAZ,2004,423.6542531,734.5337034,97.19192478
Kazakhstan,KAZ,2005,424.0914482,788.3656718,105.0018016
Kazakhstan,KAZ,2006,470.381853,818.2527496,107.6350226
Kazakhstan,KAZ,2007,476.3954553,852.3208968,109.0382314
Kazakhstan,KAZ,2008,541.0829553,843.6492539,125.5426392
Kazakhstan,KAZ,2009,490.5298074,908.8711485,122.5023519
Kazakhstan,KAZ,2010,537.7750287,948.4470654,96.74344988
Kazakhstan,KAZ,2011,566.3863565,965.9350981,126.400154
Kazakhstan,KAZ,2012,613.8162867,946.7884396,244.8933381
Kazakhstan,KAZ,2013,613.1108324,977.6797782,227.18618
Kazakhstan,KAZ,2014,582.8641726,1013.681093,235.0010251
Kenya,KEN,2000,,0.032302891,
Kenya,KEN,2001,,0.054146696,
Kenya,KEN,2002,,0.097616164,
Kenya,KEN,2003,,0.047118945,
Kenya,KEN,2004,,0.155205986,
Kenya,KEN,2005,,0.094856946,
Kenya,KEN,2006,,0.187243567,
Kenya,KEN,2007,,0.080270826,
Kenya,KEN,2008,,0.095381669,
Kenya,KEN,2009,,0.09870688,
Kenya,KEN,2010,,0.034248493,
Kenya,KEN,2011,,0.034248493,
Kenya,KEN,2012,,0.034248493,
Kenya,KEN,2013,,0.034248493,
Kenya,KEN,2014,,0.034248493,
Kuwait,KWT,2000,,1297.500629,104.0297093
Kuwait,KWT,2001,,1253.200731,92.10963848
Kuwait,KWT,2002,,1196.787473,86.69142445
Kuwait,KWT,2003,,1337.344343,98.61149532
Kuwait,KWT,2004,,1483.00988,105.1133522
Kuwait,KWT,2005,,1575.336276,129.8508371
Kuwait,KWT,2006,,1575.060956,131.0121047
Kuwait,KWT,2007,,1534.918273,127.3171622
Kuwait,KWT,2008,,1608.3027,134.0736285
Kuwait,KWT,2009,,1477.44481,111.0488596
Kuwait,KWT,2010,,1450.530706,123.8650317
Kuwait,KWT,2011,,1587.032198,142.8675932
Kuwait,KWT,2012,,1648.920038,163.7915248
Kuwait,KWT,2013,,1657.795905,172.1948798
Kuwait,KWT,2014,,1639.26059,172.9798665
Kyrgyzstan,KGZ,2000,1.755821877,1.196757541,0.140875099
Kyrgyzstan,KGZ,2001,1.955910331,1.185390508,0.173382849
Kyrgyzstan,KGZ,2002,1.891798873,0.889977359,0.108364281
Kyrgyzstan,KGZ,2003,1.679365829,0.800750868,0.292585092
Kyrgyzstan,KGZ,2004,1.814505397,0.804571323,0.314257948
Kyrgyzstan,KGZ,2005,1.426288506,1.154644099,0.325092842
Kyrgyzstan,KGZ,2006,1.319460148,1.166842434,0.281747129
Kyrgyzstan,KGZ,2007,1.514250772,0.557874872,0.199391504
Kyrgyzstan,KGZ,2008,1.876821314,0.556017706,0.325092842
Kyrgyzstan,KGZ,2009,2.323765737,0.589476167,0.166880685
Kyrgyzstan,KGZ,2010,2.300041699,0.496659155,0.135456118
Kyrgyzstan,KGZ,2011,3.160037446,0.496659155,0.108364281
Kyrgyzstan,KGZ,2012,4.695323768,0.496659155,0.346765698
Kyrgyzstan,KGZ,2013,4.894897349,0.496659155,0.346765698
Kyrgyzstan,KGZ,2014,4.332094027,0.496659155,0.306468054
Laos,LAO,2000,1.796026253,,
Laos,LAO,2001,1.605138673,,
Laos,LAO,2002,2.165480069,,
Laos,LAO,2003,1.910281472,,
Laos,LAO,2004,2.700598516,,
Laos,LAO,2005,2.766087704,,
Laos,LAO,2006,2.946074842,,
Laos,LAO,2007,3.932495052,,
Laos,LAO,2008,3.512583933,,
Laos,LAO,2009,3.838219887,,
Laos,LAO,2010,4.099797433,,
Laos,LAO,2011,4.165063104,,
Laos,LAO,2012,4.285814503,,
Laos,LAO,2013,4.313771562,,
Laos,LAO,2014,4.34191099,,
Latvia,LVA,2004,,0.117915279,
Latvia,LVA,2005,,0.176872918,
Latvia,LVA,2006,,0.176872918,
Latvia,LVA,2007,,0.294788197,
Latvia,LVA,2008,,0.530618755,
Latvia,LVA,2009,,0.707491674,
Latvia,LVA,2010,,0.648534034,
Latvia,LVA,2011,,0.589576395,
Latvia,LVA,2012,,0.589576395,
Latvia,LVA,2013,,0.589576395,
Latvia,LVA,2014,,0.589576395,
Libya,LBY,2000,,866.2913104,65.01856834
Libya,LBY,2001,,841.8216614,66.96912539
Libya,LBY,2002,,815.4921525,67.29421823
Libya,LBY,2003,,875.4547367,59.60035431
Libya,LBY,2004,,932.8847955,87.34161014
Libya,LBY,2005,,1014.833438,119.2938584
Libya,LBY,2006,,1066.883689,139.2993344
Libya,LBY,2007,,1087.593456,161.3106334
Libya,LBY,2008,,1105.126639,167.8559601
Libya,LBY,2009,,1055.406211,167.8665186
Libya,LBY,2010,,1054.816911,177.5050386
Libya,LBY,2011,,295.6524987,82.92506559
Libya,LBY,2012,,874.3678703,128.8162532
Libya,LBY,2013,,579.9171642,126.673188
Libya,LBY,2014,,304.3265411,148.5465339
Lithuania,LTU,2000,,5.630761149,
Lithuania,LTU,2001,,7.948439018,
Lithuania,LTU,2002,,7.922385638,
Lithuania,LTU,2003,,7.2883316,
Lithuania,LTU,2004,,6.727561908,
Lithuania,LTU,2005,,5.797316481,
Lithuania,LTU,2006,,4.937531328,
Lithuania,LTU,2007,,4.492106362,
Lithuania,LTU,2008,,5.920567426,
Lithuania,LTU,2009,,5.573713737,
Lithuania,LTU,2010,,5.725240766,
Lithuania,LTU,2011,,5.371494929,
Lithuania,LTU,2012,,5.371494929,
Lithuania,LTU,2013,,5.371494929,
Lithuania,LTU,2014,,5.371494929,
Macedonia,MKD,2000,13.40446815,0.086001509,
Macedonia,MKD,2001,14.4567082,0.11178958,
Macedonia,MKD,2002,14.27430811,0.076591869,
Macedonia,MKD,2003,13.9014436,0.047201486,
Macedonia,MKD,2004,13.64345148,0.046069499,
Macedonia,MKD,2005,12.95798338,0.026454293,
Macedonia,MKD,2006,12.5022601,0.025870612,
Macedonia,MKD,2007,12.25745006,0.039047645,
Macedonia,MKD,2008,14.3684658,0.057377575,
Macedonia,MKD,2009,13.98430238,0.085901281,
Macedonia,MKD,2010,12.66232819,0.018200223,
Macedonia,MKD,2011,15.45881203,0.024095987,
Macedonia,MKD,2012,14.0661095,0.024095987,
Macedonia,MKD,2013,13.53833562,0.024095987,
Macedonia,MKD,2014,12.9673294,0.024095987,
Madagascar,MDG,2000,,0.040763312,
Madagascar,MDG,2001,,0.049612854,
Madagascar,MDG,2002,,0.052631485,
Madagascar,MDG,2003,,0.053409726,
Madagascar,MDG,2004,,0.054347152,
Madagascar,MDG,2005,,0.049860476,
Malawi,MWI,2000,0.536423114,0.117915279,
Malawi,MWI,2001,0.328843574,0.117915279,
Malawi,MWI,2002,0.406915831,0.117915279,
Malawi,MWI,2003,0.450311989,0.117915279,
Malawi,MWI,2004,0.340629358,0.117915279,
Malawi,MWI,2005,0.306566403,0.117915279,
Malawi,MWI,2006,0.37469225,0.117915279,
Malawi,MWI,2007,0.408755204,0.117915279,
Malawi,MWI,2008,0.356162056,0.117915279,
Malawi,MWI,2009,0.367879672,0.117915279,
Malawi,MWI,2010,0.367879672,0.117915279,
Malawi,MWI,2011,0.367879672,0.117915279,
Malawi,MWI,2012,0.36787777,0.117915279,
Malawi,MWI,2013,0.369890287,0.117915279,
Malawi,MWI,2014,0.371913813,0.117915279,
Malaysia,MYS,2000,2.977598944,454.5820014,493.7033153
Malaysia,MYS,2001,4.233773502,442.8542009,520.513694
Malaysia,MYS,2002,2.737219876,468.6645348,526.3988991
Malaysia,MYS,2003,1.356978706,496.2357329,566.7234524
Malaysia,MYS,2004,3.017734502,508.1028622,586.3408027
Malaysia,MYS,2005,4.686786765,443.8180639,607.0480058
Malaysia,MYS,2006,5.473169555,432.0511862,608.7917702
Malaysia,MYS,2007,6.257379262,415.4132873,649.4432794
Malaysia,MYS,2008,7.445592511,430.7631741,663.720351
Malaysia,MYS,2009,12.69431967,409.0922442,658.271087
Malaysia,MYS,2010,14.23212545,436.7290033,669.9325119
Malaysia,MYS,2011,17.31367449,398.8038944,672.7661292
Malaysia,MYS,2012,18.17446325,410.4714933,675.7087317
Malaysia,MYS,2013,18.2930182,394.7398559,697.5057876
Malaysia,MYS,2014,18.41234651,411.0783915,689.7084158
Malta,MLT,2005,,0.023583056,
Malta,MLT,2006,,0.023583056,
Malta,MLT,2007,,0.011791528,
Malta,MLT,2008,,0.011791528,
Malta,MLT,2009,,0.011791528,
Martinique,MTQ,2000,,0.044265396,
Martinique,MTQ,2001,,0.041223182,
Martinique,MTQ,2002,,0.037632661,
Martinique,MTQ,2003,,0.04861647,
Martinique,MTQ,2004,,0.053026501,
Martinique,MTQ,2005,,0.046281747,
Martinique,MTQ,2006,,0.057218389,
Martinique,MTQ,2007,,0.047631877,
Martinique,MTQ,2008,,0.051971159,
Martinique,MTQ,2009,,0.146940125,
Martinique,MTQ,2010,,0.146940125,
Martinique,MTQ,2011,,0.146940125,
Martinique,MTQ,2012,,0.146940125,
Martinique,MTQ,2013,,0.146940125,
Martinique,MTQ,2014,,0.146940125,
Mauritania,MRT,2000,,0.054630149,
Mauritania,MRT,2006,,18.05234575,
Mauritania,MRT,2007,,8.838799602,
Mauritania,MRT,2008,,7.566228433,
Mauritania,MRT,2009,,6.629916265,
Mauritania,MRT,2010,,4.853528484,
Mauritania,MRT,2011,,4.561929895,
Mauritania,MRT,2012,,3.877691114,
Mauritania,MRT,2013,,3.97988239,
Mauritania,MRT,2014,,3.539232993,
Mexico,MEX,2000,57.4400502,2039.984558,405.2688731
Mexico,MEX,2001,59.78257137,2104.805517,408.2938392
Mexico,MEX,2002,56.39623305,2118.553896,418.5852581
Mexico,MEX,2003,49.28509115,2244.916784,438.6484027
Mexico,MEX,2004,50.73778774,2268.650559,374.2976786
Mexico,MEX,2005,55.22008777,2230.996414,405.8953558
Mexico,MEX,2006,58.97844244,2188.447429,530.0140758
Mexico,MEX,2007,64.25143452,2063.688176,504.7035628
Mexico,MEX,2008,58.68578367,1877.30789,501.4638345
Mexico,MEX,2009,54.15727437,1769.195639,504.1086164
Mexico,MEX,2010,65.88929676,1756.111919,549.8123733
Mexico,MEX,2011,80.92271535,1745.152655,549.0576528
Mexico,MEX,2012,77.98637873,1733.777067,525.8810498
Mexico,MEX,2013,82.68540719,1718.65912,516.1435411
Mexico,MEX,2014,75.34039396,1657.848754,515.7739185
Moldova,MDA,2008,,0.005872181,
Moldova,MDA,2009,,0.014527162,
Moldova,MDA,2010,,0.010205567,
Moldova,MDA,2011,,0.010205567,
Moldova,MDA,2012,,0.010205567,
Moldova,MDA,2013,,0.010205567,
Moldova,MDA,2014,,0.010205567,
Mongolia,MNG,2000,11.80903784,0.105534175,
Mongolia,MNG,2001,11.72075114,0.119094432,
Mongolia,MNG,2002,12.64117041,0.224628606,
Mongolia,MNG,2003,12.12053367,0.295377774,
Mongolia,MNG,2004,12.40029283,0.347260496,
Mongolia,MNG,2005,26.38523957,0.324267017,
Mongolia,MNG,2006,29.98525335,0.608442839,
Mongolia,MNG,2007,36.04697339,1.373123423,
Mongolia,MNG,2008,42.06581182,1.891361074,
Mongolia,MNG,2009,65.04174454,3.02039987,
Mongolia,MNG,2010,135.74997,3.523308535,
Mongolia,MNG,2011,174.241287,4.117188837,
Mongolia,MNG,2012,183.0773869,5.857152589,
Mongolia,MNG,2013,184.2716302,8.28443271,
Mongolia,MNG,2014,185.4736638,12.29083425,
Montenegro,MNE,2006,3.557486366,,
Montenegro,MNE,2007,2.830460385,,
Montenegro,MNE,2008,4.093932722,,
Montenegro,MNE,2009,2.251662989,,
Montenegro,MNE,2010,4.559794011,,
Montenegro,MNE,2011,4.642143237,,
Montenegro,MNE,2012,4.705628304,,
Montenegro,MNE,2013,4.529068631,,
Montenegro,MNE,2014,4.338046157,,
Morocco,MAR,2000,0.465799711,2.37224906,0.541821403
Morocco,MAR,2001,0.030051627,2.378887691,0.541821403
Morocco,MAR,2002,,2.643884593,0.541821403
Morocco,MAR,2003,,2.195034188,0.541821403
Morocco,MAR,2004,0.148879933,2.031945565,0.541821403
Morocco,MAR,2005,0.074439995,2.540920971,0.543891399
Morocco,MAR,2006,0.02481335,2.389364463,0.652669678
Morocco,MAR,2007,,2.321716468,0.391601807
Morocco,MAR,2008,,2.784197879,0.652669678
Morocco,MAR,2009,,2.806283411,0.652669678
Morocco,MAR,2010,,2.981434766,0.652669678
Morocco,MAR,2011,,2.981434766,0.652669678
Morocco,MAR,2012,,2.981434766,0.85934995
Morocco,MAR,2013,,2.981434766,0.85934995
Morocco,MAR,2014,,2.981434766,0.775369006
Mozambique,MOZ,2000,0.105811095,,0.650185683
Mozambique,MOZ,2001,0.185169447,,0.650185683
Mozambique,MOZ,2002,0.290980542,,0.650185683
Mozambique,MOZ,2003,0.24468818,,0.866914245
Mozambique,MOZ,2004,0.112424281,,0.866914245
Mozambique,MOZ,2005,0.019839558,,2.111395725
Mozambique,MOZ,2006,0.271140984,,17.41901473
Mozambique,MOZ,2007,0.158716643,,27.87042356
Mozambique,MOZ,2008,0.251301366,,31.03751715
Mozambique,MOZ,2009,0.251301366,0.011791528,28.29270271
Mozambique,MOZ,2010,0.251301366,0.011791528,32.9377733
Mozambique,MOZ,2011,4.285349779,0.011791528,40.32765834
Mozambique,MOZ,2012,24.91876368,0.011791528,40.78160692
Mozambique,MOZ,2013,25.05508457,0.011791528,45.49002238
Mozambique,MOZ,2014,25.19215122,0.011791528,53.29278327
Nepal,NPL,2000,0.112989227,,
Nepal,NPL,2001,0.066464241,,
Nepal,NPL,2002,0.079757137,,
Nepal,NPL,2003,0.073110659,,
Nepal,NPL,2004,0.059817823,,
Nepal,NPL,2005,0.079757137,,
Nepal,NPL,2006,0.132928542,,
Nepal,NPL,2007,0.093049973,,
Nepal,NPL,2008,0.099696391,,
Nepal,NPL,2009,0.099696391,,
Nepal,NPL,2010,0.106342809,,
Nepal,NPL,2011,0.112989227,,
Nepal,NPL,2012,0.106342031,,
Nepal,NPL,2013,0.107035717,,
Nepal,NPL,2014,0.107733928,,
Netherlands,NLD,2000,,42.55887863,670.5285478
Netherlands,NLD,2001,,37.23711447,719.7353704
Netherlands,NLD,2002,,33.97099095,701.1463306
Netherlands,NLD,2003,,30.16993887,674.4980326
Netherlands,NLD,2004,,28.64998145,795.2666388
Netherlands,NLD,2005,,28.00805656,726.443708
Netherlands,NLD,2006,,22.43288657,716.0014602
Netherlands,NLD,2007,,24.2448435,704.7929504
Netherlands,NLD,2008,,18.55816692,775.7122488
Netherlands,NLD,2009,,22.30436482,730.6466275
Netherlands,NLD,2010,,20.54203843,821.2039761
Netherlands,NLD,2011,,24.16140075,747.7836053
Netherlands,NLD,2012,,25.31853876,745.6067472
Netherlands,NLD,2013,,23.48694894,800.5377085
Netherlands,NLD,2014,,23.74862063,650.456225
Netherlands Antilles,ANT,2000,,0.446527474,
Netherlands Antilles,ANT,2001,,1.278885532,
Netherlands Antilles,ANT,2002,,0.593809553,
Netherlands Antilles,ANT,2003,,0.155459504,
Netherlands Antilles,ANT,2004,,0.017197943,
Netherlands Antilles,ANT,2005,,0.344766588,
Netherlands Antilles,ANT,2006,,0.43484207,
Netherlands Antilles,ANT,2007,,0.313118127,
Netherlands Antilles,ANT,2008,,0.389715893,
Netherlands Antilles,ANT,2009,,0.242651957,
Netherlands Antilles,ANT,2010,,0.881929642,
Netherlands Antilles,ANT,2011,,0.881929642,
Netherlands Antilles,ANT,2012,,0.881929642,
Netherlands Antilles,ANT,2013,,0.881929642,
Netherlands Antilles,ANT,2014,,0.881929642,
New Zealand,NZL,2000,27.09270381,28.11089638,62.69872404
New Zealand,NZL,2001,29.39582871,25.90709519,69.18533688
New Zealand,NZL,2002,33.9874432,24.16711964,66.18294098
New Zealand,NZL,2003,39.48764297,18.75749091,49.78493251
New Zealand,NZL,2004,38.67977979,16.47259939,44.79636529
New Zealand,NZL,2005,39.5110393,16.37474739,40.37601487
New Zealand,NZL,2006,43.34149045,15.13384237,44.26031918
New Zealand,NZL,2007,36.13647746,28.06221505,47.12309384
New Zealand,NZL,2008,36.7322103,38.48216421,44.44658922
New Zealand,NZL,2009,34.04632361,35.97997252,46.43527266
New Zealand,NZL,2010,39.80394257,35.81196683,49.81105434
New Zealand,NZL,2011,36.72964914,30.76054703,45.17103453
New Zealand,NZL,2012,36.58501975,28.50697969,47.564272
New Zealand,NZL,2013,34.17715672,24.62704819,49.36696925
New Zealand,NZL,2014,29.52509332,29.30974102,61.1314573
Nicaragua,NIC,2000,,0.227800527,
Nicaragua,NIC,2001,,0.289222596,
Nicaragua,NIC,2002,,0.2322931,
Nicaragua,NIC,2003,,0.223791408,
Nicaragua,NIC,2004,,0.257090683,
Nicaragua,NIC,2005,,0.216374537,
Nicaragua,NIC,2006,,0.242934953,
Nicaragua,NIC,2007,,0.222488444,
Nicaragua,NIC,2008,,0.33829304,
Nicaragua,NIC,2009,,0.360372675,
Nicaragua,NIC,2010,,0.208415256,
Nicaragua,NIC,2011,,0.090499977,
Nicaragua,NIC,2012,,0.090499977,
Nicaragua,NIC,2013,,0.090499977,
Nicaragua,NIC,2014,,0.090499977,
Niger,NER,2000,1.077751266,,
Niger,NER,2001,1.112495472,,
Niger,NER,2002,1.246022159,,
Niger,NER,2003,1.286897691,,
Niger,NER,2004,1.611749055,,
Niger,NER,2005,1.240299595,,
Niger,NER,2006,1.201195329,,
Niger,NER,2007,1.166968906,,
Niger,NER,2008,1.246103924,,
Niger,NER,2009,1.300652263,,
Niger,NER,2010,1.618888632,,
Niger,NER,2011,1.62139566,3.957431321,
Niger,NER,2012,1.621387279,11.79152789,
Niger,NER,2013,1.63025726,11.79152789,
Niger,NER,2014,1.639175765,11.79152789,
Nigeria,NGA,2000,0.020437735,1278.870858,135.0218936
Nigeria,NGA,2001,0.020437735,1333.277522,161.462778
Nigeria,NGA,2002,0.292941246,1251.861107,153.8772784
Nigeria,NGA,2003,0.156689491,1343.404074,219.9794896
Nigeria,NGA,2004,0.020437735,1374.713057,236.2341316
Nigeria,NGA,2005,0.05450069,1551.093113,236.4763211
Nigeria,NGA,2006,0.05450069,1439.892985,300.8738907
Nigeria,NGA,2007,0.156689491,1387.129135,343.1018052
Nigeria,NGA,2008,0.218002759,1278.711772,346.5328218
Nigeria,NGA,2009,0.231627978,1304.249203,272.6270899
Nigeria,NGA,2010,0.258878292,1450.006284,306.0468103
Nigeria,NGA,2011,0.218002759,1506.066114,331.0668496
Nigeria,NGA,2012,0.218001632,1488.175295,449.4211384
Nigeria,NGA,2013,0.219194235,1398.188173,405.5041074
Nigeria,NGA,2014,0.220393361,1431.107531,432.6911699
North Korea,PRK,2000,186.981251,0.394349963,
North Korea,PRK,2001,191.9667353,0.082605549,
North Korea,PRK,2002,184.7684752,0.083354311,
North Korea,PRK,2003,190.3963247,0.081638643,
North Korea,PRK,2004,200.1788381,0.083112584,
North Korea,PRK,2005,219.0514881,0.071167767,
North Korea,PRK,2006,221.998525,0.054824709,
North Korea,PRK,2007,192.6870763,0.069587702,
North Korea,PRK,2008,204.6430393,0.072688874,
North Korea,PRK,2009,199.9566309,0.053126729,
North Korea,PRK,2010,203.5545719,0.051411062,
North Korea,PRK,2011,247.6392149,0.051411062,
North Korea,PRK,2012,252.2022338,0.051411062,
North Korea,PRK,2013,253.8473896,0.051411062,
North Korea,PRK,2014,255.503277,0.051411062,
Norway,NOR,2000,4.699005637,1977.798427,592.7333637
Norway,NOR,2001,13.29402226,2018.110377,614.7659851
Norway,NOR,2002,15.85170888,1970.296209,755.7905561
Norway,NOR,2003,21.88903887,1929.657982,847.7512583
Norway,NOR,2004,21.59163348,1884.632575,930.656971
Norway,NOR,2005,10.93708431,1755.88281,967.0813417
Norway,NOR,2006,17.80714953,1642.642129,970.1242356
Norway,NOR,2007,30.28330688,1512.200922,988.7386729
Norway,NOR,2008,25.50251472,1452.667095,1094.481304
Norway,NOR,2009,19.63619283,1387.011043,1143.607997
Norway,NOR,2010,14.38698717,1264.311045,1172.267089
Norway,NOR,2011,10.30509776,1204.218453,1115.231542
Norway,NOR,2012,9.137670443,1133.000189,1262.229636
Norway,NOR,2013,13.791486,1087.800509,1196.316486
Norway,NOR,2014,15.12926014,1122.779352,1197.132356
Oman,OMN,2000,,573.0924636,98.7198596
Oman,OMN,2001,,539.7498904,151.3849
Oman,OMN,2002,,530.3147991,162.5464209
Oman,OMN,2003,,485.2271448,171.2155633
Oman,OMN,2004,,444.7158945,186.3865626
Oman,OMN,2005,,460.198884,208.9226069
Oman,OMN,2006,,438.562014,250.3059631
Oman,OMN,2007,,421.4372959,253.7897661
Oman,OMN,2008,,447.9010809,253.9586777
Oman,OMN,2009,,482.7971526,261.4435771
Oman,OMN,2010,,512.8454972,286.0941207
Oman,OMN,2011,,525.2459986,279.9710731
Oman,OMN,2012,,544.6350378,333.4210543
Oman,OMN,2013,,557.2248699,336.9787576
Oman,OMN,2014,,560.6009612,320.6550972
Pakistan,PAK,2000,12.79069727,33.46600108,234.2285127
Pakistan,PAK,2001,13.75856756,37.36407385,211.9946877
Pakistan,PAK,2002,13.54498466,40.05036078,206.439647
Pakistan,PAK,2003,13.73432584,37.92756149,226.9129405
Pakistan,PAK,2004,17.25217071,39.26083544,246.1556215
Pakistan,PAK,2005,18.63227452,40.16558169,276.3817003
Pakistan,PAK,2006,15.31423231,40.83206833,324.1203577
Pakistan,PAK,2007,17.5363852,40.49618666,330.2222913
Pakistan,PAK,2008,16.22575643,36.90977576,340.9904095
Pakistan,PAK,2009,13.9632487,35.28406602,347.3615461
Pakistan,PAK,2010,14.08588191,40.86958307,355.6171034
Pakistan,PAK,2011,14.75669545,40.87777819,351.3098561
Pakistan,PAK,2012,12.12091423,45.00481295,370.2437973
Pakistan,PAK,2013,12.35230795,50.19308522,358.6680702
Pakistan,PAK,2014,13.03808828,57.75936672,443.6978817
Panama,PAN,2000,,0.769143677,
Panama,PAN,2001,,1.294208623,
Panama,PAN,2002,,0.082511216,
Papua New Guinea,PNG,2000,,41.32063849,1.192007086
Papua New Guinea,PNG,2001,,39.81017915,1.192007086
Papua New Guinea,PNG,2002,,32.51715452,1.192007086
Papua New Guinea,PNG,2003,,29.76956933,1.517099928
Papua New Guinea,PNG,2004,,26.8855208,1.517099928
Papua New Guinea,PNG,2005,,23.76249926,1.083642806
Papua New Guinea,PNG,2006,,26.32304723,1.517099928
Papua New Guinea,PNG,2007,,24.8827121,1.473754216
Papua New Guinea,PNG,2008,,22.51540369,1.408735647
Papua New Guinea,PNG,2009,,20.62798098,1.083642806
Papua New Guinea,PNG,2010,,17.99022798,1.192007086
Papua New Guinea,PNG,2011,,17.78024446,1.083642806
Papua New Guinea,PNG,2012,,16.20642923,1.083642806
Papua New Guinea,PNG,2013,,16.65601071,1.192007086
Papua New Guinea,PNG,2014,,20.26131163,1.474597443
Paraguay,PRY,2000,,0.001574169,
Paraguay,PRY,2001,,0.001432671,
Paraguay,PRY,2002,,0.005453582,
Paraguay,PRY,2003,,0.003384169,
Paraguay,PRY,2004,,0.053374351,
Paraguay,PRY,2005,,0.369646712,
Paraguay,PRY,2006,,0.471661116,
Paraguay,PRY,2007,,0.648534034,
Paraguay,PRY,2008,,1.002279871,
Paraguay,PRY,2009,,1.297068068,
Paraguay,PRY,2010,,1.356025708,
Paraguay,PRY,2011,,1.297068068,
Paraguay,PRY,2012,,1.179152789,
Paraguay,PRY,2013,,1.179152789,
Paraguay,PRY,2014,,1.179152789,
Peru,PER,2000,0.128951761,58.70145084,3.26914438
Peru,PER,2001,0.146243516,56.59916881,3.557598296
Peru,PER,2002,0.171289496,56.98177441,4.230657433
Peru,PER,2003,0.121507756,54.24802069,4.999867876
Peru,PER,2004,0.126392906,55.28999674,10.72568328
Peru,PER,2005,0.330327357,66.1152384,19.72167806
Peru,PER,2006,0.796120032,70.18763712,22.21809301
Peru,PER,2007,0.830160764,68.35421372,33.32713951
Peru,PER,2008,1.032466948,71.80134308,45.55957274
Peru,PER,2009,1.127610537,87.76684781,43.31279929
Peru,PER,2010,0.713072899,96.5754611,90.24540026
Peru,PER,2011,0.763397418,94.19540605,141.6715481
Peru,PER,2012,1.15537651,94.58455006,147.9125855
Peru,PER,2013,1.135712791,103.1532058,152.2813116
Peru,PER,2014,1.182989566,106.1652513,161.5570187
Philippines,PHL,2000,7.190103907,0.25031645,0.101119295
Philippines,PHL,2001,6.546729869,4.62104672,2.022385905
Philippines,PHL,2002,8.088700736,6.15089134,21.25885695
Philippines,PHL,2003,10.63029413,8.310739609,30.82534258
Philippines,PHL,2004,13.19315612,14.33080395,30.82534258
Philippines,PHL,2005,15.31336609,15.1940676,30.85535752
Philippines,PHL,2006,12.52718417,15.49833619,23.43028255
Philippines,PHL,2007,18.04637652,14.96893196,30.88537246
Philippines,PHL,2008,19.18956187,16.0472377,31.3113776
Philippines,PHL,2009,24.92143983,17.0377909,33.54790457
Philippines,PHL,2010,35.35898761,22.75384017,30.99187374
Philippines,PHL,2011,36.58724716,18.8028765,30.88537246
Philippines,PHL,2012,42.53822338,14.88260029,35.15607547
Philippines,PHL,2013,42.81570707,15.47540166,30.99187374
Philippines,PHL,2014,43.09500083,15.47540166,38.3391494
Poland,POL,2000,759.2657495,13.44640988,42.82208609
Poland,POL,2001,759.539904,14.61754443,45.11220525
Poland,POL,2002,760.0539129,13.57049212,46.14285616
Poland,POL,2003,755.2014914,13.28907552,46.64141465
Poland,POL,2004,742.5375458,20.51209974,51.01887741
Poland,POL,2005,723.0132547,23.15114981,50.46530874
Poland,POL,2006,704.9634686,24.20262983,49.82464503
Poland,POL,2007,655.3944192,20.77177866,50.26115422
Poland,POL,2008,637.6366193,20.79786742,47.66941597
Poland,POL,2009,594.6673608,20.19063911,47.5058449
Poland,POL,2010,585.4625611,16.89679371,47.69148324
Poland,POL,2011,596.5708208,16.70827665,49.7207105
Poland,POL,2012,621.3599065,16.65968377,49.29091727
Poland,POL,2013,609.481793,20.17746208,49.39438488
Poland,POL,2014,582.3361261,23.14472343,48.39153401
Portugal,PRT,2000,,1.420224681,
Portugal,PRT,2001,,2.290722437,
Portugal,PRT,2002,,2.208164054,
Portugal,PRT,2003,,2.675049601,
Portugal,PRT,2004,,2.269096774,
Portugal,PRT,2005,,2.388745408,
Portugal,PRT,2006,,3.364771442,
Portugal,PRT,2007,,3.747589291,
Portugal,PRT,2008,,4.103534248,
Portugal,PRT,2009,,3.193523083,
Portugal,PRT,2010,,3.286322407,
Portugal,PRT,2011,,3.051612044,
Portugal,PRT,2012,,3.09522301,
Portugal,PRT,2013,,4.173611298,
Portugal,PRT,2014,,4.173611298,
Puerto Rico,PRI,2000,,0.269560223,
Puerto Rico,PRI,2001,,0.077888938,
Puerto Rico,PRI,2002,,0.257102474,
Puerto Rico,PRI,2003,,0.425562137,
Puerto Rico,PRI,2004,,0.79825696,
Puerto Rico,PRI,2005,,0.795438784,
Puerto Rico,PRI,2006,,0.050367511,
Puerto Rico,PRI,2007,,0.782721622,
Puerto Rico,PRI,2008,,0.390753547,
Puerto Rico,PRI,2009,,0.317268745,
Puerto Rico,PRI,2011,,0.503262411,
Puerto Rico,PRI,2012,,0.397197617,
Puerto Rico,PRI,2013,,0.397197617,
Puerto Rico,PRI,2014,,0.397197617,
Qatar,QAT,2000,,515.5989546,315.3400565
Qatar,QAT,2001,,509.8716975,292.5835575
Qatar,QAT,2002,,495.6918192,319.6746277
Qatar,QAT,2003,,546.551562,340.263841
Qatar,QAT,2004,,615.0596198,424.462887
Qatar,QAT,2005,,655.0456578,526.6462636
Qatar,QAT,2006,,671.0227065,582.9905145
Qatar,QAT,2007,,660.9599757,726.7258484
Qatar,QAT,2008,,709.7488315,885.191181
Qatar,QAT,2009,,714.9913566,1026.845226
Qatar,QAT,2010,,1054.103117,1356.37897
Qatar,QAT,2011,,1141.652789,1692.621266
Qatar,QAT,2012,,1198.379229,1805.879238
Qatar,QAT,2013,,1218.830762,1822.598533
Qatar,QAT,2014,,1211.416638,1830.226662
Romania,ROU,2000,61.93374153,80.86579716,140.0559164
Romania,ROU,2001,69.55015612,82.2979077,147.2646768
Romania,ROU,2002,63.22587215,82.79322262,137.2417571
Romania,ROU,2003,68.71500266,78.80171968,127.0501327
Romania,ROU,2004,66.25951153,77.6069608,121.6412337
Romania,ROU,2005,64.74463481,73.53330628,120.489281
Romania,ROU,2006,72.62540653,68.76894533,130.9934747
Romania,ROU,2007,74.36681009,68.18503477,126.0503248
Romania,ROU,2008,74.52218355,68.97121131,117.6057769
Romania,ROU,2009,70.58444407,66.44461704,111.8387685
Romania,ROU,2010,64.66818651,63.17001542,109.0582467
Romania,ROU,2011,73.7587153,62.10653162,109.2642112
Romania,ROU,2012,70.85294781,59.92913756,109.4289829
Romania,ROU,2013,51.81100186,61.13755692,112.3845761
Romania,ROU,2014,49.46350761,61.06916606,118.4417878
Russia,RUS,2000,1290.993104,3964.098776,5717.613047
Russia,RUS,2001,1285.445333,4221.210607,5684.195035
Russia,RUS,2002,1299.584492,4515.501449,5821.000023
Russia,RUS,2003,1406.683699,5031.903967,6064.324925
Russia,RUS,2004,1437.515784,5467.5961,6311.980259
Russia,RUS,2005,1573.908186,5607.60352,6382.066177
Russia,RUS,2006,1583.201218,5705.5656,6536.042815
Russia,RUS,2007,1615.609443,5824.064748,6493.566501
Russia,RUS,2008,1691.070737,5776.170315,6469.473987
Russia,RUS,2009,1555.333647,5856.749678,5804.334482
Russia,RUS,2010,1805.578894,6069.005352,6475.788603
Russia,RUS,2011,1807.605224,6137.527406,6679.430002
Russia,RUS,2012,1995.479412,6246.444328,6544.325696
Russia,RUS,2013,1958.090215,6346.048461,6657.206501
Russia,RUS,2014,1982.213022,6398.635445,6371.1837
Rwanda,RWA,2009,,0.005895764,
Rwanda,RWA,2010,,0.005895764,
Rwanda,RWA,2011,,0.005895764,
Rwanda,RWA,2012,,0.005895764,
Rwanda,RWA,2013,,0.005895764,
Rwanda,RWA,2014,,0.005895764,
Saudi Arabia,SAU,2000,,5586.677903,539.7624815
Saudi Arabia,SAU,2001,,5398.538769,581.8078224
Saudi Arabia,SAU,2002,,5193.877176,614.4254708
Saudi Arabia,SAU,2003,,5941.049669,650.8358691
Saudi Arabia,SAU,2004,,6188.336121,711.7365948
Saudi Arabia,SAU,2005,,6542.1212,752.0791571
Saudi Arabia,SAU,2006,,6288.090967,775.5156496
Saudi Arabia,SAU,2007,,6042.346051,785.6503491
Saudi Arabia,SAU,2008,,6356.987745,849.2033604
Saudi Arabia,SAU,2009,,5789.152209,828.1949729
Saudi Arabia,SAU,2010,,6431.308424,925.4247461
Saudi Arabia,SAU,2011,,6760.502042,973.9868477
Saudi Arabia,SAU,2012,,6980.983709,1048.624687
Saudi Arabia,SAU,2013,,6898.931348,1054.114315
Saudi Arabia,SAU,2014,,6853.057459,1140.645379
Senegal,SEN,2000,,0.009126643,0.465231558
Senegal,SEN,2001,,0.016231038,0.465231558
Senegal,SEN,2002,,0.012457749,0.465231558
Senegal,SEN,2003,,0.018447845,0.465231558
Senegal,SEN,2004,,0.034643509,0.465231558
Senegal,SEN,2005,,0.022787128,0.465231558
Senegal,SEN,2006,,0.007912115,0.465231558
Senegal,SEN,2007,,0.038393215,0.465231558
Senegal,SEN,2008,,0.047743896,0.465231558
Senegal,SEN,2009,,0.01913765,0.465231558
Senegal,SEN,2010,,0.020110451,0.186092623
Senegal,SEN,2011,,0.020110451,0.186092623
Senegal,SEN,2012,,0.020110451,0.428013033
Senegal,SEN,2013,,0.020110451,0.428013033
Senegal,SEN,2014,,0.020110451,0.50198653
Serbia,SRB,2000,95.48442047,11.05040089,5.884178901
Serbia,SRB,2001,95.90779781,10.70629462,6.52352969
Serbia,SRB,2002,100.85713,10.11876406,6.501856834
Serbia,SRB,2003,105.8231757,9.758603632,3.576021259
Serbia,SRB,2004,106.5472906,9.676074728,2.600742734
Serbia,SRB,2005,96.57339755,9.189173062,2.709107014
Serbia,SRB,2006,102.4329822,9.991845949,2.057575834
Serbia,SRB,2007,103.2348899,9.938701533,1.028787917
Serbia,SRB,2008,91.09968823,10.9144092,1.028787917
Serbia,SRB,2009,90.60860025,11.78633373,1.954697042
Serbia,SRB,2010,89.35125787,13.98774123,3.600757709
Serbia,SRB,2011,96.71327823,12.56144981,5.349697167
Serbia,SRB,2012,89.45869965,11.62782611,5.781788092
Serbia,SRB,2013,82.20497363,12.51137709,7.078060867
Serbia,SRB,2014,74.9512476,12.12371292,6.25551937
Sierra Leone,SLE,2000,,0.001202736,
Sierra Leone,SLE,2002,,0.000495244,
Sierra Leone,SLE,2003,,0.00235241,
Sierra Leone,SLE,2004,,0.000412703,
Sierra Leone,SLE,2005,,0.001762833,
Sierra Leone,SLE,2006,,0.017085924,
Sierra Leone,SLE,2007,,0.014969345,
Sierra Leone,SLE,2008,,0.019444229,
Sierra Leone,SLE,2011,,0.014969345,
Sierra Leone,SLE,2012,,0.014969345,
Sierra Leone,SLE,2013,,0.014969345,
Sierra Leone,SLE,2014,,0.014969345,
Singapore,SGP,2000,,7.720249371,
Singapore,SGP,2001,,8.817728142,
Singapore,SGP,2002,,4.887835934,
Singapore,SGP,2003,,5.719280149,
Singapore,SGP,2004,,5.799102897,
Singapore,SGP,2005,,5.054574034,
Singapore,SGP,2006,,5.876048512,
Singapore,SGP,2007,,6.843985558,
Singapore,SGP,2008,,13.883398,
Singapore,SGP,2009,,12.13297517,
Singapore,SGP,2010,,11.89024067,
Singapore,SGP,2011,,11.89024067,
Singapore,SGP,2012,,11.89024067,
Singapore,SGP,2013,,11.89024067,
Singapore,SGP,2014,,11.89024067,
Slovakia,SVK,2000,11.2785068,1.881173194,1.717135378
Slovakia,SVK,2001,10.85526238,2.397571367,1.947452057
Slovakia,SVK,2002,10.30543013,5.301571169,1.875914502
Slovakia,SVK,2003,9.376003841,5.820592957,2.15108944
Slovakia,SVK,2004,8.649260318,6.580374161,1.83412136
Slovakia,SVK,2005,7.357145207,7.58588491,1.632514117
Slovakia,SVK,2006,6.448855678,7.858723178,2.274946093
Slovakia,SVK,2007,6.185158723,5.076246863,1.404285156
Slovakia,SVK,2008,7.099308177,6.073138005,1.129596713
Slovakia,SVK,2009,7.538803129,4.444114844,1.132144364
Slovakia,SVK,2010,6.9674597,4.528742639,1.14098169
Slovakia,SVK,2011,6.961599775,5.812002829,1.327489865
Slovakia,SVK,2012,6.715286806,5.190630579,1.645646668
Slovakia,SVK,2013,6.463322824,5.342151712,1.360401245
Slovakia,SVK,2014,6.190719335,5.342151712,1.202309008
Slovenia,SVN,2000,14.40859914,0.016702699,
Slovenia,SVN,2001,13.31662455,0.009179704,
Slovenia,SVN,2002,15.22709545,0.008873125,
Slovenia,SVN,2003,15.51737591,0.00698648,0.055477459
Slovenia,SVN,2004,15.20897287,0.003537458,0.055477459
Slovenia,SVN,2005,14.41587255,0.061905521,0.055477459
Slovenia,SVN,2006,14.34861516,0.061905521,0.04438071
Slovenia,SVN,2007,14.01498228,0.061905521,0.033287103
Slovenia,SVN,2008,13.99803833,0.097280105,0.033287103
Slovenia,SVN,2009,13.82545278,0.085488577,0.033256052
Slovenia,SVN,2010,13.5049045,0.23877844,0.077595362
Slovenia,SVN,2011,13.75397268,0.1798208,0.022231755
Slovenia,SVN,2012,12.71206671,0.1798208,0.022231755
Slovenia,SVN,2013,12.23509782,0.1798208,0.033349206
Slovenia,SVN,2014,11.71905824,0.1798208,0.029473695
South Africa,ZAF,2000,1409.903882,118.8766481,17.88010629
South Africa,ZAF,2001,1420.392494,123.3899497,22.75649892
South Africa,ZAF,2002,1391.960873,124.6625563,24.92378453
South Africa,ZAF,2003,1494.006859,119.2768231,24.70705597
South Africa,ZAF,2004,1515.991174,137.9854912,24.16523457
South Africa,ZAF,2005,1529.498805,126.8831781,23.22535297
South Africa,ZAF,2006,1528.17525,118.7446596,30.61523801
South Africa,ZAF,2007,1546.230533,115.6723299,16.15217729
South Africa,ZAF,2008,1574.618422,114.2087831,14.35749093
South Africa,ZAF,2009,1557.611975,107.6664543,11.19039734
South Africa,ZAF,2010,1589.034007,106.3974678,10.24026926
South Africa,ZAF,2011,1578.014668,106.7375649,13.51293264
South Africa,ZAF,2012,1618.849616,106.6860183,12.35166499
South Africa,ZAF,2013,1613.39824,106.4904322,12.35166499
South Africa,ZAF,2014,1639.418489,94.2798157,14.48449393
South Korea,KOR,2000,20.68745838,8.260737635,
South Korea,KOR,2001,19.02747679,8.715230286,
South Korea,KOR,2002,16.53999685,12.91954083,
South Korea,KOR,2003,16.44029824,8.601223898,
South Korea,KOR,2004,15.90691079,9.974359113,
South Korea,KOR,2005,14.117321,10.16905493,5.698160262
South Korea,KOR,2006,14.07744157,16.51719494,5.077285719
South Korea,KOR,2007,14.38650719,17.70684219,5.019327477
South Korea,KOR,2008,13.82321015,19.84354959,5.123653625
South Korea,KOR,2009,12.55703798,32.22036766,8.690030341
South Korea,KOR,2010,10.38859355,34.47532639,10.95800055
South Korea,KOR,2011,10.38859355,35.25045427,11.74376932
South Korea,KOR,2012,10.42847298,44.09848664,12.27652414
South Korea,KOR,2013,9.058776549,46.50755474,5.964539312
South Korea,KOR,2014,8.714393318,46.50755474,7.38515272
Spain,ESP,2000,93.4193247,14.04816102,1.81250903
Spain,ESP,2001,94.28829551,16.30489438,5.76783632
Spain,ESP,2002,90.20358864,16.42418337,5.717236857
Spain,ESP,2003,84.69389422,19.55611341,2.403266716
Spain,ESP,2004,83.45949075,22.33738109,3.789335909
Spain,ESP,2005,79.97553676,22.13663033,1.766120424
Spain,ESP,2006,76.68977841,21.61158307,0.770567871
Spain,ESP,2007,72.07255619,16.63168478,0.201017293
Spain,ESP,2008,53.94275244,14.96952153,0.181053691
Spain,ESP,2009,50.38967576,17.3865784,0.159389677
Spain,ESP,2010,44.83734422,16.95105832,0.593831696
Spain,ESP,2011,35.20464229,16.7771097,0.58771321
Spain,ESP,2012,32.65666328,20.16512224,0.689434404
Spain,ESP,2013,22.03901546,24.1673201,0.632921918
Spain,ESP,2014,19.71647311,23.62620099,0.559370058
Sri Lanka,LKA,2000,,0.259926545,
Sri Lanka,LKA,2001,,0.279453315,
Sri Lanka,LKA,2002,,0.310353014,
Sri Lanka,LKA,2003,,0.324821219,
Sri Lanka,LKA,2004,,0.29971116,
Sri Lanka,LKA,2005,,0.32648972,
Sri Lanka,LKA,2006,,0.250127785,
Sri Lanka,LKA,2007,,0.375271271,
Sri Lanka,LKA,2008,,0.356345869,
Sri Lanka,LKA,2009,,0.364564564,
Sri Lanka,LKA,2010,,0.320411187,
Sri Lanka,LKA,2011,,0.320411187,
Sri Lanka,LKA,2012,,0.320411187,
Sri Lanka,LKA,2013,,0.320411187,
Sri Lanka,LKA,2014,,0.320411187,
Suriname,SUR,2000,,5.651284303,
Suriname,SUR,2001,,5.598717672,
Suriname,SUR,2002,,5.598717672,
Suriname,SUR,2003,,5.578371391,
Suriname,SUR,2004,,5.578047124,
Suriname,SUR,2005,,5.565229733,
Suriname,SUR,2006,,6.496064736,
Suriname,SUR,2007,,7.64118128,
Suriname,SUR,2008,,9.000956694,
Suriname,SUR,2009,,9.090660742,
Suriname,SUR,2010,,9.104002856,
Suriname,SUR,2011,,9.104002856,
Suriname,SUR,2012,,9.005738159,
Suriname,SUR,2013,,8.514426462,
Suriname,SUR,2014,,8.514426462,
Swaziland,SWZ,2000,2.372480674,,
Swaziland,SWZ,2001,3.065663461,,
Swaziland,SWZ,2002,3.473094247,,
Swaziland,SWZ,2003,2.796635072,,
Swaziland,SWZ,2004,3.020360394,,
Swaziland,SWZ,2005,3.072055672,,
Swaziland,SWZ,2006,3.021618019,,
Swaziland,SWZ,2007,3.145504219,,
Swaziland,SWZ,2008,3.239725719,,
Swaziland,SWZ,2009,3.279783725,,
Swaziland,SWZ,2010,3.331082476,,
Swaziland,SWZ,2011,3.331082476,,
Swaziland,SWZ,2012,3.331065258,,
Swaziland,SWZ,2013,3.349288224,,
Swaziland,SWZ,2014,3.367610881,,
Sweden,SWE,2000,,0.923306113,
Sweden,SWE,2001,,1.220741508,
Sweden,SWE,2002,,2.064018521,
Sweden,SWE,2003,,2.428453378,
Sweden,SWE,2004,,2.716962587,
Sweden,SWE,2005,,2.328608616,
Sweden,SWE,2006,,3.461957215,
Sweden,SWE,2007,,4.287364168,
Sweden,SWE,2008,,4.993829978,
Sweden,SWE,2009,,6.598220638,
Sweden,SWE,2010,,6.143073557,
Sweden,SWE,2011,,6.642544991,
Sweden,SWE,2012,,7.249431349,
Sweden,SWE,2013,,6.898633394,
Sweden,SWE,2014,,6.898633394,
Switzerland,CHE,2000,,1.006129805,
Switzerland,CHE,2001,,1.072445358,
Switzerland,CHE,2002,,1.149491201,
Switzerland,CHE,2003,,0.959865745,
Switzerland,CHE,2004,,1.981578054,
Switzerland,CHE,2005,,1.958790926,
Switzerland,CHE,2006,,2.042198299,
Switzerland,CHE,2007,,2.065781355,
Switzerland,CHE,2008,,2.155968856,
Switzerland,CHE,2009,,2.286335988,
Switzerland,CHE,2010,,2.125870981,
Switzerland,CHE,2011,,2.130027495,
Switzerland,CHE,2012,,1.775804101,
Switzerland,CHE,2013,,2.281660647,
Switzerland,CHE,2014,,2.281660647,
Syria,SYR,2000,,322.3713344,60.73574701
Syria,SYR,2001,,302.673988,55.6578403
Syria,SYR,2002,,306.4501363,73.68771079
Syria,SYR,2003,,300.7800033,74.22953219
Syria,SYR,2004,,287.7506126,76.9386392
Syria,SYR,2005,,273.4419708,63.89249062
Syria,SYR,2006,,258.7221703,65.46361744
Syria,SYR,2007,,242.8289594,62.84507274
Syria,SYR,2008,,236.0368978,61.79765486
Syria,SYR,2009,,235.8940553,68.18690393
Syria,SYR,2010,,247.9587398,93.63915839
Syria,SYR,2011,,220.3084205,82.43178708
Syria,SYR,2012,,100.5384344,60.75023698
Syria,SYR,2013,,44.28836561,55.51314759
Syria,SYR,2014,,19.28225517,51.14189341
Taiwan,TWN,2000,0.571278067,3.758520037,9.211481347
Taiwan,TWN,2001,,2.125894564,8.797482186
Taiwan,TWN,2002,,4.931193382,9.625480509
Taiwan,TWN,2003,,4.654711532,8.590482605
Taiwan,TWN,2004,,6.247976885,8.797482186
Taiwan,TWN,2005,,9.267321413,8.279983233
Taiwan,TWN,2006,,12.20920739,4.450490988
Taiwan,TWN,2007,,15.49573615,3.932992036
Taiwan,TWN,2008,,9.513033272,3.208493503
Taiwan,TWN,2009,,16.79796891,3.208493503
Taiwan,TWN,2010,,12.2228443,2.690994551
Taiwan,TWN,2011,,12.78294187,3.001493922
Taiwan,TWN,2012,,12.78353145,4.108943145
Taiwan,TWN,2013,,12.78353145,3.550044277
Taiwan,TWN,2014,,12.78353145,4.391656956
Tajikistan,TJK,2000,0.108155079,0.231125738,0.433457122
Tajikistan,TJK,2001,0.117987347,0.193988321,0.541821403
Tajikistan,TJK,2002,0.176981043,0.183818128,0.216728561
Tajikistan,TJK,2003,0.23105856,0.209169913,0.433457122
Tajikistan,TJK,2004,0.457201031,0.149027225,0.422622228
Tajikistan,TJK,2005,0.486697834,0.166319501,0.432837618
Tajikistan,TJK,2006,0.516194682,0.178659335,0.38005123
Tajikistan,TJK,2007,0.889821348,0.166950348,0.211139572
Tajikistan,TJK,2008,0.978311847,0.140283807,0.316709359
Tajikistan,TJK,2009,0.993060248,0.131357621,0.401165188
Tajikistan,TJK,2010,0.98322798,0.129588892,0.432837618
Tajikistan,TJK,2011,1.160209023,0.129588892,0.200584089
Tajikistan,TJK,2012,0.983211366,0.128851921,0.158356174
Tajikistan,TJK,2013,1.025002523,0.124282704,0.137242217
Tajikistan,TJK,2014,0.907150241,0.124282704,0.121293298
Tanzania,TZA,2000,0.538194381,,
Tanzania,TZA,2001,0.531381803,,
Tanzania,TZA,2002,0.538194381,,
Tanzania,TZA,2003,0.37469225,,
Tanzania,TZA,2004,0.442818159,,1.288772415
Tanzania,TZA,2005,0.211190181,,4.30470033
Tanzania,TZA,2006,0.122626537,,5.321087908
Tanzania,TZA,2007,0.183939867,,5.59519867
Tanzania,TZA,2008,0.102188801,,5.911908029
Tanzania,TZA,2009,0.170314648,0.005895764,6.946491934
Tanzania,TZA,2010,0.32019156,0.005895764,8.234443326
Tanzania,TZA,2011,0.306566403,0.005895764,9.079001616
Tanzania,TZA,2012,0.654004959,0.005895764,10.50419522
Tanzania,TZA,2013,0.657582766,0.005895764,10.50419522
Tanzania,TZA,2014,0.661180146,0.005895764,10.51449345
Thailand,THA,2000,57.13563358,107.216354,188.2841277
Thailand,THA,2001,62.9862823,113.076313,188.7897242
Thailand,THA,2002,62.97018478,121.7014029,202.0363519
Thailand,THA,2003,60.53326363,153.9178853,220.0355864
Thailand,THA,2004,64.44103226,152.4701628,231.4255314
Thailand,THA,2005,67.06987418,182.4917996,239.6527297
Thailand,THA,2006,61.26317161,200.5999016,245.922126
Thailand,THA,2007,58.59224673,220.165236,262.9101676
Thailand,THA,2008,58.74422402,239.9295819,290.8190931
Thailand,THA,2009,57.13644632,252.7392669,312.2563837
Thailand,THA,2010,58.92898748,253.670155,366.7596838
Thailand,THA,2011,68.51169405,264.5957249,374.0402731
Thailand,THA,2012,58.87055358,238.3215535,338.5170661
Thailand,THA,2013,58.75603736,247.1792431,422.6786541
Thailand,THA,2014,58.33250885,248.8693818,522.8835211
Timor,TLS,2004,,30.60481632,
Timor,TLS,2005,,55.67055061,
Timor,TLS,2006,,59.48906594,
Timor,TLS,2007,,46.27188337,
Timor,TLS,2008,,58.96207898,
Timor,TLS,2009,,56.75613763,
Timor,TLS,2010,,51.58712682,
Timor,TLS,2011,,49.37258355,
Timor,TLS,2012,,46.86810429,
Timor,TLS,2013,,46.72836879,
Timor,TLS,2014,,45.09694016,
Trinidad and Tobago,TTO,2000,,82.59973544,151.0957215
Trinidad and Tobago,TTO,2001,,78.2538676,164.2909098
Trinidad and Tobago,TTO,2002,,84.96478577,187.1120961
Trinidad and Tobago,TTO,2003,,95.022623,267.5811132
Trinidad and Tobago,TTO,2004,,89.04777328,303.8138023
Trinidad and Tobago,TTO,2005,,100.6702755,327.5002468
Trinidad and Tobago,TTO,2006,,105.7781473,394.1251319
Trinidad and Tobago,TTO,2007,,92.27963062,421.9215531
Trinidad and Tobago,TTO,2008,,92.34760878,425.0581143
Trinidad and Tobago,TTO,2009,,90.41786038,440.2001336
Trinidad and Tobago,TTO,2010,,85.95631766,459.2358151
Trinidad and Tobago,TTO,2011,,81.61708846,439.1185608
Trinidad and Tobago,TTO,2012,,70.34509528,461.8315898
Trinidad and Tobago,TTO,2013,,69.63940772,462.9131626
Trinidad and Tobago,TTO,2014,,68.67018539,454.8603474
Tunisia,TUN,2000,,47.46026893,22.84364574
Tunisia,TUN,2001,,42.79203251,27.33946964
Tunisia,TUN,2002,,46.31130834,26.1243821
Tunisia,TUN,2003,,45.61501273,27.82550465
Tunisia,TUN,2004,,48.14895901,29.16210095
Tunisia,TUN,2005,,45.24869122,30.37718849
Tunisia,TUN,2006,,46.12895826,30.37718849
Tunisia,TUN,2007,,50.63701856,19.19838312
Tunisia,TUN,2008,,50.40254403,16.64669929
Tunisia,TUN,2009,,47.72917472,21.99308447
Tunisia,TUN,2010,,46.73414664,24.66627705
Tunisia,TUN,2011,,39.89424095,23.45118951
Tunisia,TUN,2012,,39.28407065,22.60062823
Tunisia,TUN,2013,,38.01860388,22.83149659
Tunisia,TUN,2014,,35.01418153,26.770495
Turkey,TUR,2000,146.3119393,30.31556424,6.798819939
Turkey,TUR,2001,141.1986764,27.60876595,3.319610878
Turkey,TUR,2002,128.9521188,27.7622091,4.021836256
Turkey,TUR,2003,116.8283029,27.01192598,5.958275935
Turkey,TUR,2004,112.6001209,25.30947697,7.320167577
Turkey,TUR,2005,144.2073263,27.09979055,9.543882781
Turkey,TUR,2006,157.2456197,26.56041069,9.629001008
Turkey,TUR,2007,184.4129423,27.02801552,9.501323667
Turkey,TUR,2008,193.8013649,28.14253304,10.83118213
Turkey,TUR,2009,195.85937,32.18877226,7.284687849
Turkey,TUR,2010,181.0428762,34.03270191,7.256328906
Turkey,TUR,2011,187.1326073,33.77682576,8.08112024
Turkey,TUR,2012,171.5909383,34.57383871,6.71125761
Turkey,TUR,2013,148.4016374,35.3856913,5.702446656
Turkey,TUR,2014,172.0351453,36.22724675,5.039765295
Turkmenistan,TKM,2000,,92.34892943,503.8939046
Turkmenistan,TKM,2001,,98.97531413,522.3158323
Turkmenistan,TKM,2002,,113.5335,579.748901
Turkmenistan,TKM,2003,,117.9157801,640.4328982
Turkmenistan,TKM,2004,,126.1358369,634.6895913
Turkmenistan,TKM,2005,,115.9402334,659.8732638
Turkmenistan,TKM,2006,,104.4797232,661.9680995
Turkmenistan,TKM,2007,,106.5546842,721.4614351
Turkmenistan,TKM,2008,,111.6442555,738.4296047
Turkmenistan,TKM,2009,,116.5261072,399.5899209
Turkmenistan,TKM,2010,,119.0181288,474.4802992
Turkmenistan,TKM,2011,,131.4278216,693.3906359
Turkmenistan,TKM,2012,,143.8971383,722.7183365
Turkmenistan,TKM,2013,,152.9449368,888.2103614
Turkmenistan,TKM,2014,,162.9322018,986.8017128
Ukraine,UKR,2000,354.9429103,50.04995966,195.055705
Ukraine,UKR,2001,350.82899,51.14460257,197.2229906
Ukraine,UKR,2002,350.1786287,50.38515152,199.3902762
Ukraine,UKR,2003,365.9615265,52.38042544,211.3103471
Ukraine,UKR,2004,344.6598538,57.12132125,208.0594187
Ukraine,UKR,2005,349.3778539,58.59634116,204.2030165
Ukraine,UKR,2006,357.1006416,63.53043526,200.4118192
Ukraine,UKR,2007,340.022487,63.50391021,200.4118192
Ukraine,UKR,2008,343.2357101,58.59660647,203.4950779
Ukraine,UKR,2009,316.4221147,55.16040785,208.2227414
Ukraine,UKR,2010,316.8021302,49.09015287,198.9729651
Ukraine,UKR,2011,361.8092462,46.51867415,203.4950779
Ukraine,UKR,2012,373.9357635,47.40431223,203.4950779
Ukraine,UKR,2013,374.9602451,43.77492121,216.8558659
Ukraine,UKR,2014,266.2281467,38.76546746,208.8128547
United Arab Emirates,ARE,2000,,1516.582353,415.9021088
United Arab Emirates,ARE,2001,,1473.965059,426.5218083
United Arab Emirates,ARE,2002,,1407.220472,470.1926134
United Arab Emirates,ARE,2003,,1568.762311,485.3636127
United Arab Emirates,ARE,2004,,1631.207589,501.6182547
United Arab Emirates,ARE,2005,,1677.124506,509.2037544
United Arab Emirates,ARE,2006,,1738.347458,528.7093249
United Arab Emirates,ARE,2007,,1737.774737,545.5057884
United Arab Emirates,ARE,2008,,1796.36444,544.4221456
United Arab Emirates,ARE,2009,,1647.601645,528.991072
United Arab Emirates,ARE,2010,,1658.622119,555.6920308
United Arab Emirates,ARE,2011,,1894.760448,566.8318788
United Arab Emirates,ARE,2012,,2003.495126,588.4180435
United Arab Emirates,ARE,2013,,2028.489298,591.6689719
United Arab Emirates,ARE,2014,,2046.17659,625.8866335
United Kingdom,GBR,2000,190.4796238,1513.456437,1187.36481
United Kingdom,GBR,2001,206.9775831,1529.770157,1155.86941
United Kingdom,GBR,2002,194.0408891,1510.498656,1145.060823
United Kingdom,GBR,2003,182.2971735,1410.106519,1134.752037
United Kingdom,GBR,2004,161.1403081,1222.997794,1070.208533
United Kingdom,GBR,2005,131.4429846,1098.004072,975.9380258
United Kingdom,GBR,2006,118.7466017,997.9166047,885.6170707
United Kingdom,GBR,2007,108.6248429,996.7873891,796.9432112
United Kingdom,GBR,2008,115.6122606,936.252279,769.0417377
United Kingdom,GBR,2009,114.1013405,889.9808732,656.9483597
United Kingdom,GBR,2010,116.9957475,828.8658322,626.4066066
United Kingdom,GBR,2011,117.4901663,687.8723753,483.9343841
United Kingdom,GBR,2012,106.9655264,592.6302059,454.5423909
United Kingdom,GBR,2013,80.78629791,538.8875465,425.2940954
United Kingdom,GBR,2014,72.53062492,534.3651948,426.5449703
United States,USA,2000,6014.90696,5340.250894,5762.328485
United States,USA,2001,6227.927672,5280.840614,5909.950281
United States,USA,2002,6014.633351,5305.263615,5680.478805
United States,USA,2003,5841.214937,5168.128146,5754.187419
United States,USA,2004,6038.932539,5142.533391,5590.238945
United States,USA,2005,6121.410927,4908.039343,5438.443746
United States,USA,2006,6278.734529,4903.014213,5574.924551
United States,USA,2007,6200.864627,4993.311475,5798.855133
United States,USA,2008,6295.873838,5048.893837,6067.638359
United States,USA,2009,5705.310665,5385.071258,6195.509471
United States,USA,2010,5815.984194,5716.290431,6390.893863
United States,USA,2011,5865.595608,5971.504321,6859.691204
United States,USA,2012,5468.777629,6555.319446,7198.45248
United States,USA,2013,5301.098878,7277.004139,7288.609106
United States,USA,2014,5374.944136,8237.913517,7740.946286
United States Virgin Islands,VIR,2000,,8.656673558,
United States Virgin Islands,VIR,2001,,8.45151866,
United States Virgin Islands,VIR,2002,,8.638614833,
United States Virgin Islands,VIR,2003,,10.08838319,
United States Virgin Islands,VIR,2004,,10.3877465,
United States Virgin Islands,VIR,2005,,10.36404553,
United States Virgin Islands,VIR,2006,,10.38999868,
United States Virgin Islands,VIR,2007,,9.945186873,
United States Virgin Islands,VIR,2008,,9.813481402,
United States Virgin Islands,VIR,2009,,9.885185683,
United States Virgin Islands,VIR,2010,,8.773109,
United States Virgin Islands,VIR,2011,,8.773109,
United States Virgin Islands,VIR,2012,,8.773109,
United States Virgin Islands,VIR,2013,,8.773109,
United States Virgin Islands,VIR,2014,,8.773109,
Uruguay,URY,2000,,0.21589698,
Uruguay,URY,2001,,0.301497577,
Uruguay,URY,2002,,0.256483419,
Uruguay,URY,2003,,0.302741583,
Uruguay,URY,2004,,0.551690216,
Uruguay,URY,2005,,0.575473727,
Uruguay,URY,2006,,0.611638343,
Uruguay,URY,2007,,0.567956628,
Uruguay,URY,2008,,0.590071639,
Uruguay,URY,2009,,0.450872652,
Uruguay,URY,2010,,0.638428695,
Uruguay,URY,2011,,0.697386334,
Uruguay,URY,2012,,0.697386334,
Uruguay,URY,2013,,0.697386334,
Uruguay,URY,2014,,0.697386334,
Uzbekistan,UZB,2000,10.03191859,89.5661996,593.6623779
Uzbekistan,UZB,2001,10.51076925,91.99972333,664.1861001
Uzbekistan,UZB,2002,10.61157337,90.35597255,607.3460852
Uzbekistan,UZB,2003,7.416857819,91.97128806,605.0409083
Uzbekistan,UZB,2004,10.88211613,83.72418143,630.0820911
Uzbekistan,UZB,2005,12.00175539,73.89310117,628.2926832
Uzbekistan,UZB,2006,12.65561752,63.37718077,660.3967657
Uzbekistan,UZB,2007,13.51116544,66.32441421,686.1747666
Uzbekistan,UZB,2008,12.96133317,64.83869348,711.5527791
Uzbekistan,UZB,2009,14.2718024,63.09583491,646.3762287
Uzbekistan,UZB,2010,14.13941588,54.08403591,632.7241007
Uzbekistan,UZB,2011,15.19863655,60.63028539,663.5545443
Uzbekistan,UZB,2012,15.88928784,60.48033842,662.1861736
Uzbekistan,UZB,2013,38.06061461,55.86360151,627.6611275
Uzbekistan,UZB,2014,40.80097886,49.85315316,627.6611275
Venezuela,VEN,2000,63.75910604,2040.381696,335.2896411
Venezuela,VEN,2001,61.33874016,1965.640849,390.883622
Venezuela,VEN,2002,59.58809694,1724.041681,350.2050994
Venezuela,VEN,2003,55.04470517,1521.949467,300.7745309
Venezuela,VEN,2004,54.56760254,1683.339461,335.2896411
Venezuela,VEN,2005,58.17821827,1690.274631,288.9900862
Venezuela,VEN,2006,63.66441327,1619.291443,320.497451
Venezuela,VEN,2007,49.30055124,1581.23941,255.522758
Venezuela,VEN,2008,39.80402554,1565.735691,255.7816196
Venezuela,VEN,2009,26.53790391,1479.686533,227.1710569
Venezuela,VEN,2010,22.07610476,1532.451934,243.1836044
Venezuela,VEN,2011,18.36440806,1585.513809,256.015831
Venezuela,VEN,2012,25.23004557,1585.513809,280.1394258
Venezuela,VEN,2013,18.87318005,1585.513809,268.9589973
Venezuela,VEN,2014,18.58044996,1585.513809,270.5307475
Vietnam,VNM,2000,72.01438914,186.3061407,12.33096503
Vietnam,VNM,2001,80.40746344,210.3605216,13.93935177
Vietnam,VNM,2002,98.63278418,200.2169128,24.23302693
Vietnam,VNM,2003,103.5954215,207.8297177,28.95096138
Vietnam,VNM,2004,158.1846714,237.7684306,32.16773486
Vietnam,VNM,2005,210.1519012,232.4896348,42.89031315
Vietnam,VNM,2006,238.288992,214.2738231,61.11869624
Vietnam,VNM,2007,261.0522898,196.7198345,63.2632119
Vietnam,VNM,2008,244.4677988,182.5607152,74.84359645
Vietnam,VNM,2009,273.4302782,200.3149357,76.02308006
Vietnam,VNM,2010,278.1261964,195.8874057,88.03236774
Vietnam,VNM,2011,276.0046584,190.7847458,82.6710786
Vietnam,VNM,2012,261.1318721,214.3321617,90.06965761
Vietnam,VNM,2013,257.4561495,208.505956,94.35868893
Vietnam,VNM,2014,258.6582598,186.2070506,98.89571713
Yemen,YEM,2000,,257.7812594,
Yemen,YEM,2001,,259.3988625,
Yemen,YEM,2002,,258.7299998,
Yemen,YEM,2003,,253.9361188,
Yemen,YEM,2004,,239.509998,
Yemen,YEM,2005,,236.971288,
Yemen,YEM,2006,,222.9638667,
Yemen,YEM,2007,,188.6876933,
Yemen,YEM,2008,,176.6953321,
Yemen,YEM,2009,,168.6670998,8.799552181
Yemen,YEM,2010,,166.4983489,70.39641745
Yemen,YEM,2011,,128.9968448,108.5278102
Yemen,YEM,2012,,100.8963014,85.73922638
Yemen,YEM,2013,,78.47580185,116.1992147
Yemen,YEM,2014,,75.17094316,108.8328693
Zambia,ZMB,2000,1.268131459,0.004728403,
Zambia,ZMB,2001,1.326962347,0.074162815,
Zambia,ZMB,2002,1.392329928,0.076768742,
Zambia,ZMB,2003,1.457697509,0.082570174,
Zambia,ZMB,2004,0.777874455,0.088436459,
Zambia,ZMB,2005,0.980514009,0.093907728,
Zambia,ZMB,2006,0.418352671,0.094025643,
Zambia,ZMB,2007,0.091514649,0.112219971,
Zambia,ZMB,2008,0.006536752,0.082635027,
Zambia,ZMB,2009,0.006536752,0.083460434,
Zambia,ZMB,2010,,0.102945934,
Zambia,ZMB,2011,,0.102945934,
Zambia,ZMB,2012,,0.102945934,
Zambia,ZMB,2013,,0.102945934,
Zambia,ZMB,2014,,0.102945934,
Zimbabwe,ZWE,2000,30.42787106,,
Zimbabwe,ZWE,2001,29.60646144,,
Zimbabwe,ZWE,2002,28.29934866,,
Zimbabwe,ZWE,2003,25.35655925,,
Zimbabwe,ZWE,2004,24.39229569,,
Zimbabwe,ZWE,2005,25.86369039,,
Zimbabwe,ZWE,2006,24.6208619,,
Zimbabwe,ZWE,2007,23.72088256,,
Zimbabwe,ZWE,2008,17.9853003,0.023583056,
Zimbabwe,ZWE,2009,19.06384693,0.035374584,
Zimbabwe,ZWE,2010,20.89951897,0.070749167,
Zimbabwe,ZWE,2011,22.84947408,0.070749167,
Zimbabwe,ZWE,2012,21.39909556,0.070749167,
Zimbabwe,ZWE,2013,21.45772322,0.070749167,
Zimbabwe,ZWE,2014,21.5165115,0.070749167,
